date,temperature,rainfall,wind_speed,pressure,humidity,pm2_5
2022-08-04,27.0,13.6,13.3,1003.0,86.83333333333333,25.989473684210527
2022-08-05,26.1,27.2,15.1,1001.6,90.25,16.7375
2022-08-06,26.1,33.7,17.1,1000.5,89.33333333333333,18.979166666666668
2022-08-07,26.3,56.5,16.1,999.8,90.16666666666667,17.841666666666665
2022-08-08,26.2,32.6,35.1,998.4,89.375,18.375
2022-08-09,26.0,71.3,35.5,997.8,88.95833333333333,20.208333333333332
2022-08-10,26.1,37.6,36.6,997.3,87.95833333333333,23.383333333333336
2022-08-11,26.5,23.1,37.7,998.8,85.375,22.695833333333336
2022-08-12,26.5,16.1,39.5,1002.2,83.83333333333333,21.891666666666666
2022-08-13,26.6,13.1,29.8,1004.2,83.33333333333333,21.9875
2022-08-14,26.8,11.0,29.6,1005.8,81.33333333333333,21.6125
2022-08-15,25.7,29.0,24.8,1006.1,87.95833333333333,21.870833333333334
2022-08-16,25.5,64.1,31.9,1005.3,89.0,23.858333333333334
2022-08-17,26.0,19.3,29.8,1006.5,86.0,21.070833333333333
2022-08-18,26.4,10.5,27.3,1007.0,83.45833333333333,22.95
2022-08-19,26.1,11.9,24.7,1007.4,85.5,20.170833333333334
2022-08-20,26.3,6.2,21.7,1007.3,85.79166666666667,18.0625
2022-08-21,26.3,5.8,21.3,1006.1,85.25,19.625
2022-08-22,26.2,9.1,23.4,1004.9,85.875,19.783333333333335
2022-08-23,26.2,7.9,24.8,1005.0,85.83333333333333,22.008333333333336
2022-08-24,26.1,7.8,22.9,1007.6,85.54166666666667,21.46666666666667
2022-08-25,25.9,6.1,17.1,1007.5,86.75,20.9875
2022-08-26,26.1,2.2,15.2,1007.5,84.91666666666667,22.508333333333336
2022-08-27,26.3,1.8,16.6,1007.8,83.45833333333333,25.108333333333334
2022-08-28,26.2,2.0,17.6,1007.5,85.04166666666667,24.329166666666666
2022-08-29,26.3,1.2,16.7,1008.6,85.375,25.320833333333336
2022-08-30,27.1,0.6,18.3,1008.5,85.70833333333333,22.208333333333332
2022-08-31,27.4,18.7,18.0,1007.0,88.08333333333333,26.270833333333332
2022-09-01,26.7,1.7,16.0,1006.9,87.625,30.825
2022-09-02,27.4,10.0,13.6,1007.1,87.375,47.69166666666666
2022-09-03,27.6,0.9,15.4,1007.5,86.625,54.737500000000004
2022-09-04,27.0,9.9,14.8,1007.7,88.0,23.09166666666667
2022-09-05,27.3,1.8,15.8,1007.7,83.375,23.037499999999998
2022-09-06,27.0,4.9,13.3,1007.1,84.375,28.308333333333334
2022-09-07,27.1,20.1,15.6,1006.8,88.08333333333333,23.145833333333332
2022-09-08,26.5,39.7,12.0,1005.5,90.25,30.516666666666666
2022-09-09,27.0,27.0,13.7,1004.4,87.95833333333333,64.41666666666667
2022-09-10,26.8,13.2,11.7,1004.5,88.5,29.683333333333334
2022-09-11,26.5,25.5,13.0,1002.2,88.125,26.866666666666664
2022-09-12,26.2,21.8,17.7,1001.0,89.45833333333333,21.216666666666665
2022-09-13,26.0,51.7,24.1,1002.9,90.08333333333333,15.208333333333334
2022-09-14,26.0,81.9,27.3,1006.0,89.29166666666667,15.879166666666668
2022-09-15,26.2,68.7,30.5,1007.3,87.95833333333333,16.75
2022-09-16,25.5,96.6,25.9,1006.4,91.16666666666667,15.804166666666667
2022-09-17,25.3,36.6,20.2,1006.8,89.58333333333333,17.391666666666666
2022-09-18,25.0,61.8,16.0,1008.6,90.29166666666667,19.195833333333333
2022-09-19,25.9,2.9,19.2,1009.1,82.875,27.412499999999998
2022-09-20,25.1,15.0,13.2,1008.9,87.625,29.608333333333334
2022-09-21,25.2,12.3,15.2,1008.9,88.41666666666667,26.087500000000002
2022-09-22,24.9,18.0,14.4,1009.2,89.45833333333333,22.675
2022-09-23,25.9,4.0,18.7,1009.1,82.70833333333333,17.854166666666668
2022-09-24,25.4,5.2,17.2,1008.5,87.29166666666667,17.016666666666666
2022-09-25,25.7,4.7,12.1,1008.4,86.25,22.599999999999998
2022-09-26,25.7,3.0,14.7,1010.1,84.875,27.245833333333334
2022-09-27,25.9,0.9,13.1,1008.8,86.5,25.666666666666668
2022-09-28,26.0,2.3,15.7,1007.8,87.08333333333333,25.570833333333336
2022-09-29,25.9,2.0,15.3,1007.7,88.66666666666667,31.604166666666668
2022-09-30,26.5,2.2,15.5,1008.2,88.70833333333333,41.233333333333334
2022-10-01,25.9,10.3,16.1,1008.9,88.58333333333333,30.175
2022-10-02,26.2,0.7,16.3,1009.1,87.375,22.258333333333336
2022-10-03,26.3,0.6,18.9,1009.5,87.16666666666667,22.704166666666666
2022-10-04,26.9,0.0,19.7,1009.3,85.58333333333333,23.358333333333334
2022-10-05,27.2,2.4,20.2,1008.1,87.875,25.616666666666664
2022-10-06,27.4,3.5,22.1,1006.4,85.70833333333333,22.545833333333334
2022-10-07,25.8,27.7,18.1,1005.3,86.79166666666667,19.770833333333332
2022-10-08,25.8,31.9,17.6,1007.5,87.25,20.766666666666666
2022-10-09,26.7,1.1,13.0,1009.1,84.70833333333333,22.4375
2022-10-10,26.8,0.2,12.9,1010.0,86.41666666666667,48.979166666666664
2022-10-11,26.7,11.1,12.4,1008.9,88.29166666666667,52.10833333333333
2022-10-12,25.8,13.8,11.0,1009.6,89.20833333333333,39.67916666666667
2022-10-13,26.4,2.1,9.8,1009.6,89.66666666666667,57.49583333333334
2022-10-14,26.5,14.5,10.8,1009.5,87.125,64.54166666666667
2022-10-15,27.4,0.9,13.4,1008.4,76.375,60.61666666666667
2022-10-16,27.6,0.0,15.6,1009.4,67.41666666666667,58.574999999999996
2022-10-17,27.2,6.4,15.0,1011.0,81.75,61.24166666666667
2022-10-18,26.0,7.4,16.9,1011.2,88.875,23.879166666666666
2022-10-19,26.5,4.4,9.9,1010.6,88.08333333333333,27.712500000000002
2022-10-20,26.7,0.7,11.9,1010.9,87.875,51.27916666666667
2022-10-21,26.9,3.8,9.7,1012.2,85.20833333333333,72.57916666666667
2022-10-22,27.0,1.3,17.7,1013.2,80.91666666666667,64.3875
2022-10-23,26.3,0.0,13.8,1013.1,66.79166666666667,60.604166666666664
2022-10-24,25.4,0.0,12.5,1011.3,70.66666666666667,74.75416666666666
2022-10-25,25.4,0.0,13.1,1011.4,76.91666666666667,69.1875
2022-10-26,25.2,0.0,14.8,1012.7,74.29166666666667,55.04583333333333
2022-10-27,25.2,0.0,13.6,1012.6,71.58333333333333,76.08333333333333
2022-10-28,25.6,0.0,11.4,1012.0,67.95833333333333,83.87083333333334
2022-10-29,25.5,0.0,11.8,1011.8,61.166666666666664,89.22083333333335
2022-10-30,25.6,0.0,14.6,1012.1,59.5,87.95
2022-10-31,25.3,0.0,16.6,1011.7,61.041666666666664,104.8625
2022-11-01,25.4,0.0,16.4,1012.4,57.833333333333336,100.41666666666667
2022-11-02,25.5,0.0,15.5,1011.7,64.5,92.86666666666667
2022-11-03,26.0,0.0,14.6,1011.3,56.791666666666664,101.21249999999999
2022-11-04,26.2,0.0,15.7,1012.0,56.125,106.99583333333334
2022-11-05,26.3,0.0,15.7,1013.1,55.125,117.17083333333333
2022-11-06,25.9,0.0,14.2,1013.5,58.875,129.95833333333334
2022-11-07,25.3,0.0,13.2,1013.3,64.79166666666667,95.2625
2022-11-08,26.0,0.0,15.3,1013.0,63.125,94.85000000000001
2022-11-09,26.1,0.0,17.7,1012.8,60.791666666666664,119.5125
2022-11-10,25.9,0.0,20.3,1013.1,60.666666666666664,102.32083333333333
2022-11-11,26.4,0.0,18.6,1013.3,55.041666666666664,94.575
2022-11-12,26.6,0.0,18.6,1013.0,56.708333333333336,96.0
2022-11-13,26.6,0.0,16.4,1012.0,57.416666666666664,100.13333333333333
2022-11-14,26.2,0.0,14.7,1012.2,66.25,140.65416666666667
2022-11-15,26.2,0.0,13.3,1012.7,69.54166666666667,115.3625
2022-11-16,26.2,0.0,16.4,1012.0,63.25,116.04583333333333
2022-11-17,26.0,0.0,18.4,1011.9,56.75,77.52916666666667
2022-11-18,25.7,0.0,17.6,1012.3,48.041666666666664,64.65416666666667
2022-11-19,25.3,0.0,15.9,1012.2,46.625,69.35416666666667
2022-11-20,24.3,0.0,20.4,1011.4,49.083333333333336,55.975
2022-11-21,23.6,0.0,16.5,1011.2,51.541666666666664,65.66250000000001
2022-11-22,24.1,0.0,17.1,1011.1,56.25,80.75416666666666
2022-11-23,25.5,0.0,19.1,1011.1,53.75,108.425
2022-11-24,25.4,0.0,16.1,1010.8,58.791666666666664,111.60833333333333
2022-11-25,26.0,0.0,13.1,1011.3,62.833333333333336,138.38750000000002
2022-11-26,26.5,0.0,13.8,1010.4,66.83333333333333,178.23333333333335
2022-11-27,26.2,0.0,14.8,1008.7,69.41666666666667,147.36249999999998
2022-11-28,24.9,0.0,16.1,1009.7,67.625,101.94583333333333
2022-11-29,24.2,0.0,13.6,1010.6,70.75,102.89999999999999
2022-11-30,25.9,0.0,15.0,1011.2,65.625,159.17083333333332
2022-12-01,25.8,0.0,14.6,1011.1,61.208333333333336,155.3125
2022-12-02,25.1,0.0,14.0,1010.5,60.416666666666664,135.53333333333333
2022-12-03,25.2,0.0,17.9,1010.7,61.75,121.78750000000001
2022-12-04,26.5,0.0,13.0,1011.2,65.16666666666667,153.82916666666668
2022-12-05,26.8,0.0,14.6,1012.2,69.20833333333333,127.84166666666665
2022-12-06,26.9,0.0,18.3,1011.8,69.33333333333333,124.35416666666667
2022-12-07,26.5,0.0,18.7,1011.3,67.70833333333333,128.27083333333334
2022-12-08,25.8,0.0,18.4,1011.1,64.29166666666667,121.0625
2022-12-09,24.5,0.0,19.8,1009.6,51.458333333333336,73.79583333333333
2022-12-10,23.8,0.0,17.6,1009.2,56.75,91.67916666666667
2022-12-11,24.7,0.0,17.6,1009.8,57.291666666666664,88.875
2022-12-12,26.5,0.0,16.8,1009.4,62.958333333333336,122.72916666666667
2022-12-13,27.7,0.0,14.6,1009.8,67.04166666666667,52.020833333333336
2022-12-14,28.0,0.2,15.5,1010.9,66.20833333333333,0.8458333333333333
2022-12-15,27.2,0.0,13.6,1010.9,71.20833333333333,0.7458333333333332
2022-12-16,27.5,0.0,15.9,1010.5,68.75,105.36666666666667
2022-12-17,27.6,0.0,16.9,1011.2,68.33333333333333,106.61666666666667
2022-12-18,28.0,0.0,20.5,1010.9,62.625,95.11666666666667
2022-12-19,26.9,0.0,17.1,1010.0,59.0,75.7375
2022-12-20,25.9,0.0,16.9,1009.6,56.916666666666664,77.6375
2022-12-21,25.3,0.0,15.4,1010.2,61.708333333333336,89.175
2022-12-22,24.9,0.0,15.9,1010.1,67.625,92.33333333333333
2022-12-23,24.4,0.0,20.4,1011.0,62.291666666666664,66.10833333333333
2022-12-24,22.7,0.0,19.2,1012.0,51.541666666666664,52.78333333333333
2022-12-25,21.6,0.0,14.0,1012.1,65.75,70.84166666666667
2022-12-26,21.7,0.0,15.9,1013.2,72.75,85.75
2022-12-27,23.2,0.0,17.8,1014.0,68.66666666666667,101.95
2022-12-28,23.7,0.0,17.3,1014.8,69.0,99.21249999999999
2022-12-29,23.9,0.0,16.9,1016.0,68.0,119.49583333333334
2022-12-30,24.1,0.0,17.6,1017.0,66.33333333333333,100.325
2022-12-31,23.6,0.0,20.3,1016.5,64.95833333333333,61.224999999999994
2023-01-01,21.8,0.0,18.4,1016.2,67.16666666666667,63.07083333333333
2023-01-02,22.5,0.0,16.9,1015.3,69.95833333333333,79.575
2023-01-03,22.7,0.0,19.0,1015.1,69.45833333333333,73.14166666666667
2023-01-04,22.5,0.0,16.8,1013.9,71.08333333333333,79.35833333333333
2023-01-05,23.9,0.0,14.8,1014.5,71.08333333333333,148.01250000000002
2023-01-06,25.4,0.0,15.3,1016.0,65.08333333333333,153.65416666666667
2023-01-07,26.1,0.0,16.7,1015.9,63.458333333333336,143.67083333333332
2023-01-08,25.4,0.0,19.0,1015.0,59.625,110.625
2023-01-09,24.1,0.0,18.7,1016.0,51.916666666666664,71.61666666666666
2023-01-10,23.3,0.0,17.9,1015.4,50.833333333333336,79.25
2023-01-11,22.6,0.0,15.6,1013.7,60.5,87.99583333333334
2023-01-12,22.0,0.0,19.2,1013.0,71.625,66.75
2023-01-13,22.2,0.0,22.2,1014.1,75.45833333333333,27.083333333333332
2023-01-14,20.6,0.0,20.3,1013.9,64.83333333333333,41.57083333333333
2023-01-15,20.1,0.0,19.7,1012.3,69.25,55.75416666666666
2023-01-16,20.1,0.0,14.5,1012.5,76.375,76.7
2023-01-17,20.8,0.0,15.2,1012.9,74.41666666666667,86.325
2023-01-18,21.9,0.0,13.7,1013.7,72.0,130.24583333333334
2023-01-19,22.2,0.0,12.5,1013.6,72.5,119.79166666666667
2023-01-20,21.7,0.0,16.6,1013.6,72.83333333333333,98.2
2023-01-21,21.9,0.0,18.9,1013.9,70.08333333333333,89.4875
2023-01-22,21.7,0.0,23.3,1013.3,60.541666666666664,67.38333333333334
2023-01-23,21.0,0.0,24.2,1012.7,55.625,58.395833333333336
2023-01-24,20.7,0.0,24.2,1013.0,58.291666666666664,69.10416666666667
2023-01-25,21.1,0.0,26.7,1012.9,55.291666666666664,91.94583333333333
2023-01-26,22.3,0.0,21.7,1012.4,58.375,81.28750000000001
2023-01-27,24.9,0.0,16.9,1011.3,65.79166666666667,124.09166666666665
2023-01-28,24.2,0.0,18.5,1010.5,75.45833333333333,157.22083333333333
2023-01-29,23.3,1.0,17.2,1010.3,89.08333333333333,80.91666666666667
2023-01-30,23.4,0.0,23.2,1012.9,79.20833333333333,80.94583333333334
2023-01-31,25.1,0.0,22.2,1012.6,64.625,80.00833333333334
2023-02-01,26.9,0.0,21.8,1011.9,52.75,92.67916666666667
2023-02-02,27.0,0.0,19.9,1012.1,51.958333333333336,91.86666666666667
2023-02-03,25.4,0.0,18.7,1012.8,54.125,94.60000000000001
2023-02-04,24.7,0.0,18.3,1011.7,56.208333333333336,101.05833333333334
2023-02-05,24.4,0.0,12.9,1010.9,62.458333333333336,106.73333333333333
2023-02-06,23.8,0.0,20.4,1011.6,65.91666666666667,97.23333333333333
2023-02-07,24.4,0.0,22.7,1011.3,61.125,76.14583333333333
2023-02-08,24.4,0.0,19.1,1011.3,59.625,70.28750000000001
2023-02-09,25.4,0.0,18.9,1011.5,53.25,97.00833333333333
2023-02-10,24.5,0.0,20.5,1013.1,57.291666666666664,86.80416666666667
2023-02-11,24.3,0.0,22.4,1013.9,51.375,51.25416666666666
2023-02-12,25.4,0.0,21.3,1013.7,46.333333333333336,57.34166666666667
2023-02-13,26.8,0.0,24.0,1013.5,39.291666666666664,56.833333333333336
2023-02-14,25.4,0.0,20.1,1013.4,41.541666666666664,75.66666666666667
2023-02-15,25.2,0.0,21.5,1011.7,44.75,101.55
2023-02-16,26.9,0.0,25.3,1012.0,37.166666666666664,89.49166666666667
2023-02-17,27.3,0.0,23.4,1012.4,37.0,80.39999999999999
2023-02-18,26.9,0.0,22.2,1012.0,36.5,88.30833333333334
2023-02-19,26.1,0.0,19.0,1011.8,42.833333333333336,101.70416666666667
2023-02-20,25.5,0.0,16.2,1012.4,63.083333333333336,127.77916666666665
2023-02-21,25.4,0.0,20.9,1013.0,64.16666666666667,94.57083333333333
2023-02-22,24.6,0.0,22.2,1012.7,67.58333333333333,41.49583333333333
2023-02-23,25.6,0.0,22.6,1011.6,51.291666666666664,60.52916666666667
2023-02-24,27.0,0.0,23.0,1012.5,44.208333333333336,76.91250000000001
2023-02-25,27.3,0.0,22.5,1014.3,39.916666666666664,75.30833333333334
2023-02-26,26.7,0.0,22.6,1014.7,41.375,87.3875
2023-02-27,27.1,0.0,21.9,1014.4,42.25,63.24583333333334
2023-02-28,25.8,0.0,18.9,1014.7,50.041666666666664,85.6125
2023-03-01,26.1,0.0,18.5,1015.1,53.25,80.78750000000001
2023-03-02,27.5,0.0,19.6,1015.1,46.583333333333336,123.37916666666666
2023-03-03,27.3,0.0,17.2,1015.5,55.583333333333336,136.67499999999998
2023-03-04,27.7,0.0,15.9,1015.2,62.0,171.42083333333335
2023-03-05,28.8,0.0,18.7,1014.7,56.291666666666664,191.63750000000002
2023-03-06,29.7,0.1,21.2,1013.6,42.958333333333336,108.03333333333335
2023-03-07,28.8,0.0,23.4,1013.4,45.916666666666664,144.76250000000002
2023-03-08,28.0,0.0,20.5,1013.4,48.916666666666664,91.54166666666667
2023-03-09,29.2,0.0,22.4,1012.7,34.166666666666664,83.375
2023-03-10,28.9,0.0,23.3,1012.1,31.791666666666668,60.30833333333334
2023-03-11,29.1,0.0,22.4,1011.5,38.708333333333336,89.99166666666667
2023-03-12,29.3,0.0,21.5,1011.0,40.208333333333336,130.15833333333333
2023-03-13,29.2,0.0,16.1,1010.0,50.041666666666664,279.77916666666664
2023-03-14,28.5,0.0,17.6,1009.0,63.0,202.73749999999998
2023-03-15,28.4,0.0,20.2,1007.9,60.5,100.56666666666666
2023-03-16,27.0,13.3,20.5,1009.6,66.83333333333333,72.04166666666667
2023-03-17,26.7,0.7,16.3,1010.1,75.95833333333333,59.15416666666667
2023-03-18,27.0,0.0,18.9,1009.0,78.95833333333333,82.89999999999999
2023-03-19,26.2,0.0,18.8,1009.0,73.66666666666667,34.516666666666666
2023-03-20,26.2,0.0,17.4,1008.9,67.20833333333333,29.166666666666668
2023-03-21,25.7,0.7,16.4,1009.6,71.625,25.575
2023-03-22,26.2,0.0,15.8,1010.5,72.08333333333333,22.72083333333333
2023-03-23,26.2,0.4,18.6,1010.7,72.91666666666667,20.429166666666667
2023-03-24,26.1,0.0,22.2,1010.7,75.33333333333333,23.55
2023-03-25,25.1,0.0,23.7,1011.8,69.25,24.120833333333334
2023-03-26,24.9,0.0,20.8,1011.6,69.375,25.1875
2023-03-27,25.3,0.0,19.9,1011.1,75.875,30.675
2023-03-28,25.7,0.0,19.8,1010.4,77.70833333333333,39.395833333333336
2023-03-29,25.6,0.0,17.6,1010.9,79.20833333333333,35.34166666666667
2023-03-30,26.1,0.2,15.6,1010.4,74.79166666666667,26.087500000000002
2023-03-31,26.4,0.4,16.5,1010.0,74.625,26.633333333333336
2023-04-01,25.9,0.0,23.3,1010.5,75.29166666666667,27.445833333333336
2023-04-02,26.0,0.0,23.8,1010.2,76.5,24.933333333333334
2023-04-03,26.2,0.0,23.4,1009.8,76.75,25.229166666666668
2023-04-04,26.5,0.0,23.7,1010.3,79.625,29.245833333333334
2023-04-05,26.6,0.0,22.8,1010.0,81.75,29.695833333333336
2023-04-06,28.1,0.0,21.6,1009.8,72.08333333333333,36.145833333333336
2023-04-07,29.7,0.0,23.2,1010.5,55.541666666666664,46.362500000000004
2023-04-08,29.6,0.0,17.1,1012.1,55.666666666666664,139.99583333333334
2023-04-09,29.7,0.0,23.8,1012.4,58.375,119.80416666666667
2023-04-10,30.2,0.0,21.6,1010.8,61.125,77.7375
2023-04-11,30.0,0.0,22.7,1011.1,61.666666666666664,40.36666666666667
2023-04-12,30.7,0.0,25.0,1010.6,55.25,38.145833333333336
2023-04-13,30.8,0.0,22.4,1010.2,51.458333333333336,44.67083333333333
2023-04-14,30.1,0.0,21.7,1010.0,59.75,42.05416666666667
2023-04-15,29.1,0.0,21.9,1010.1,62.791666666666664,39.06666666666667
2023-04-16,28.6,0.0,22.5,1009.0,71.75,31.3
2023-04-17,28.7,0.0,23.3,1009.0,72.08333333333333,30.791666666666668
2023-04-18,31.5,0.0,24.0,1009.3,50.791666666666664,43.92083333333333
2023-04-19,32.3,0.0,24.1,1007.1,47.375,58.625
2023-04-20,30.1,0.0,23.3,1005.9,62.0,37.887499999999996
2023-04-21,28.0,0.0,19.7,1006.8,73.33333333333333,28.27916666666667
2023-04-22,27.7,0.0,19.1,1007.3,78.75,24.833333333333332
2023-04-23,27.9,0.0,21.7,1007.5,75.66666666666667,27.6125
2023-04-24,28.1,0.0,22.5,1007.7,78.45833333333333,40.75416666666667
2023-04-25,28.6,0.0,21.3,1007.7,79.08333333333333,39.24166666666667
2023-04-26,28.5,0.0,21.0,1008.3,75.41666666666667,25.7
2023-04-27,28.3,0.0,21.7,1008.5,73.125,30.7
2023-04-28,28.4,0.0,18.2,1009.3,73.5,24.77916666666667
2023-04-29,28.2,0.4,20.1,1008.8,71.375,23.974999999999998
2023-04-30,28.0,0.5,19.5,1007.4,71.70833333333333,27.016666666666666
2023-05-01,28.0,2.1,15.9,1007.3,69.16666666666667,24.183333333333334
2023-05-02,28.4,0.7,16.6,1007.9,67.625,25.27916666666667
2023-05-03,28.5,0.0,18.6,1009.3,68.25,23.045833333333334
2023-05-04,28.1,0.5,18.7,1008.7,73.58333333333333,26.84583333333333
2023-05-05,28.4,0.4,20.1,1008.0,75.20833333333333,29.820833333333336
2023-05-06,28.5,0.1,22.4,1008.0,76.66666666666667,24.724999999999998
2023-05-07,27.8,8.2,16.4,1008.3,80.54166666666667,25.0
2023-05-08,29.5,0.5,19.7,1007.5,74.08333333333333,24.275000000000002
2023-05-09,30.0,0.0,19.8,1007.7,75.25,21.90416666666667
2023-05-10,30.2,0.0,21.9,1006.8,78.41666666666667,32.97083333333333
2023-05-11,30.4,0.0,18.9,1006.9,78.58333333333333,60.19583333333333
2023-05-12,30.2,0.0,18.3,1007.6,80.125,33.516666666666666
2023-05-13,30.2,0.0,18.0,1008.5,76.83333333333333,23.1375
2023-05-14,30.0,0.0,17.4,1008.0,75.70833333333333,19.070833333333333
2023-05-15,30.3,0.5,19.1,1008.7,73.66666666666667,25.804166666666664
2023-05-16,30.5,0.3,17.3,1010.2,70.625,22.7
2023-05-17,30.1,0.0,22.7,1010.3,72.29166666666667,24.40416666666667
2023-05-18,29.8,0.1,24.4,1011.4,76.25,19.945833333333333
2023-05-19,29.8,0.2,23.2,1010.0,77.79166666666667,16.458333333333332
2023-05-20,29.8,0.0,18.7,1009.5,75.375,20.579166666666666
2023-05-21,29.9,0.0,19.9,1010.2,72.04166666666667,18.462500000000002
2023-05-22,29.7,0.0,18.5,1010.8,74.70833333333333,19.287499999999998
2023-05-23,29.6,0.0,22.9,1010.7,77.5,17.95
2023-05-24,30.1,0.0,19.9,1010.3,74.04166666666667,19.07916666666667
2023-05-25,30.6,0.0,20.7,1010.8,65.29166666666667,18.133333333333333
2023-05-26,30.6,2.0,21.6,1011.2,64.66666666666667,22.004166666666666
2023-05-27,30.9,0.0,19.1,1010.1,61.625,21.058333333333334
2023-05-28,30.9,0.0,18.8,1009.1,65.95833333333333,19.716666666666665
2023-05-29,30.3,0.0,24.0,1008.6,74.66666666666667,18.375
2023-05-30,30.3,0.0,20.3,1008.6,79.20833333333333,21.895833333333332
2023-05-31,30.6,0.0,24.7,1008.2,78.54166666666667,20.679166666666667
2023-06-01,30.0,0.0,21.9,1008.2,80.5,19.020833333333332
2023-06-02,30.5,0.0,18.2,1009.1,72.125,15.4
2023-06-03,31.3,0.1,18.7,1008.3,66.625,15.933333333333332
2023-06-04,30.9,0.8,19.1,1008.2,70.41666666666667,19.7375
2023-06-05,30.6,0.4,19.6,1007.6,71.29166666666667,19.466666666666665
2023-06-06,30.8,0.1,17.1,1007.2,68.70833333333333,23.400000000000002
2023-06-07,30.9,0.0,16.9,1007.0,69.04166666666667,20.558333333333334
2023-06-08,31.2,0.8,16.9,1007.2,68.20833333333333,19.1875
2023-06-09,30.6,4.0,29.3,1005.3,76.08333333333333,16.6375
2023-06-10,30.2,3.6,32.5,1003.7,74.54166666666667,13.895833333333334
2023-06-11,29.6,3.8,32.4,1003.0,73.125,14.0375
2023-06-12,28.7,5.3,42.6,1002.8,77.75,16.404166666666665
2023-06-13,28.3,5.6,36.3,1004.4,80.33333333333333,21.34166666666667
2023-06-14,28.5,2.8,33.8,1006.3,78.625,20.545833333333334
2023-06-15,29.8,2.8,33.7,1006.3,74.16666666666667,20.408333333333335
2023-06-16,29.4,4.6,37.5,1005.6,75.20833333333333,21.816666666666666
2023-06-17,29.1,6.6,26.1,1006.6,79.0,22.858333333333334
2023-06-18,29.1,4.6,22.8,1007.1,78.95833333333333,24.075
2023-06-19,29.4,2.4,20.0,1006.2,77.25,24.441666666666666
2023-06-20,29.3,1.1,20.4,1005.3,77.875,23.708333333333332
2023-06-21,29.3,2.9,19.6,1005.6,79.16666666666667,23.241666666666664
2023-06-22,29.5,1.9,18.7,1005.8,76.375,22.704166666666666
2023-06-23,28.6,2.9,19.3,1005.5,80.75,18.704166666666666
2023-06-24,27.0,20.7,17.7,1004.4,86.125,18.945833333333333
2023-06-25,26.4,32.9,18.3,1004.5,88.375,20.454166666666666
2023-06-26,25.8,23.2,18.9,1005.8,90.75,21.575
2023-06-27,25.9,23.2,20.9,1005.5,90.58333333333333,20.391666666666666
2023-06-28,26.3,45.7,20.4,1006.0,90.08333333333333,16.8
2023-06-29,26.0,50.0,20.5,1006.3,91.08333333333333,17.091666666666665
2023-06-30,26.1,55.8,27.3,1006.2,90.75,18.770833333333332
2023-07-01,26.3,40.5,23.1,1006.9,90.04166666666667,19.083333333333332
2023-07-02,26.7,34.7,20.5,1006.1,88.75,17.241666666666667
2023-07-03,27.2,8.6,17.7,1004.3,88.20833333333333,14.975
2023-07-04,26.9,48.3,16.8,1002.7,89.375,16.841666666666665
2023-07-05,26.6,35.9,14.5,1001.0,89.625,17.441666666666666
2023-07-06,25.7,97.5,24.5,1002.2,92.375,17.037499999999998
2023-07-07,26.3,50.7,26.8,1003.3,90.25,16.325
2023-07-08,27.6,13.0,29.3,1005.0,83.41666666666667,22.6375
2023-07-09,27.5,10.8,27.4,1005.9,81.91666666666667,21.558333333333334
2023-07-10,27.5,3.5,22.7,1006.5,81.625,19.841666666666665
2023-07-11,27.7,4.3,20.4,1006.8,81.58333333333333,19.595833333333335
2023-07-12,26.1,12.2,12.8,1005.9,90.0,19.925
2023-07-13,26.1,10.9,18.2,1005.6,89.79166666666667,18.358333333333334
2023-07-14,26.2,32.7,21.0,1006.8,89.41666666666667,17.962500000000002
2023-07-15,26.1,16.7,17.6,1007.5,89.5,20.900000000000002
2023-07-16,25.7,30.5,16.8,1006.7,90.83333333333333,18.983333333333334
2023-07-17,25.8,63.8,19.7,1005.4,91.375,17.8125
2023-07-18,25.9,67.7,25.3,1004.2,91.375,20.991666666666667
2023-07-19,26.2,44.8,23.7,1002.1,90.54166666666667,22.8875
2023-07-20,26.4,36.4,24.1,1002.5,88.16666666666667,27.429166666666664
2023-07-21,26.4,40.9,21.3,1004.2,89.29166666666667,27.27916666666667
2023-07-22,25.9,42.7,21.3,1004.9,91.125,25.212500000000002
2023-07-23,26.2,34.8,28.1,1003.8,89.70833333333333,18.008333333333333
2023-07-24,26.1,58.2,26.8,1004.2,89.41666666666667,19.287499999999998
2023-07-25,25.9,44.1,21.1,1006.0,90.33333333333333,21.554166666666664
2023-07-26,25.8,93.9,26.3,1007.0,90.70833333333333,19.358333333333334
2023-07-27,26.0,90.9,22.0,1007.4,89.66666666666667,21.254166666666666
2023-07-28,25.7,49.8,21.7,1007.6,90.79166666666667,19.070833333333333
2023-07-29,26.8,12.3,23.9,1007.8,84.25,20.0625
2023-07-30,27.0,9.3,25.6,1007.0,82.75,18.470833333333335
2023-07-31,26.8,9.9,26.6,1006.5,84.95833333333333,19.604166666666668
2023-08-01,27.0,6.1,25.3,1006.6,84.0,19.820833333333333
2023-08-02,26.8,15.1,27.7,1007.2,83.79166666666667,21.5
2023-08-03,27.1,6.3,27.2,1006.6,83.5,18.583333333333332
2023-08-04,27.2,2.5,25.3,1007.5,85.45833333333333,18.958333333333332
2023-08-05,27.3,3.8,23.7,1009.4,83.41666666666667,21.575
2023-08-06,27.2,2.8,23.4,1009.0,83.20833333333333,20.308333333333334
2023-08-07,27.3,2.2,26.9,1007.3,82.625,20.083333333333332
2023-08-08,27.4,2.3,24.7,1007.6,82.58333333333333,19.783333333333335
2023-08-09,27.2,3.0,20.2,1009.6,83.0,20.133333333333333
2023-08-10,26.6,7.3,15.2,1010.4,85.04166666666667,19.45
2023-08-11,27.2,3.7,15.9,1009.8,81.95833333333333,18.441666666666666
2023-08-12,25.9,5.4,18.8,1009.8,86.54166666666667,18.474999999999998
2023-08-13,27.1,5.0,24.7,1008.1,82.08333333333333,18.125
2023-08-14,27.4,2.6,24.8,1008.3,80.41666666666667,19.895833333333332
2023-08-15,27.0,3.5,18.7,1008.9,82.75,18.345833333333335
2023-08-16,27.0,4.5,20.9,1009.4,84.33333333333333,16.5625
2023-08-17,26.8,3.5,20.7,1009.7,83.20833333333333,15.5625
2023-08-18,27.1,2.0,18.9,1008.3,81.16666666666667,14.991666666666667
2023-08-19,26.8,4.1,19.5,1007.1,84.125,18.6375
2023-08-20,26.1,10.5,17.1,1007.2,87.75,17.854166666666668
2023-08-21,26.5,3.8,16.3,1007.6,85.75,15.895833333333334
2023-08-22,26.4,6.1,18.8,1007.6,86.375,15.108333333333334
2023-08-23,27.2,3.8,21.1,1007.4,82.16666666666667,13.450000000000001
2023-08-24,26.6,6.5,21.2,1006.6,85.0,13.533333333333333
2023-08-25,26.7,6.2,19.5,1006.6,86.45833333333333,12.370833333333332
2023-08-26,26.1,14.3,20.2,1008.1,88.16666666666667,13.183333333333332
2023-08-27,25.7,15.1,16.6,1009.3,88.95833333333333,13.3375
2023-08-28,25.8,4.1,17.1,1008.8,87.75,13.725
2023-08-29,26.5,3.6,11.1,1008.5,85.54166666666667,16.2625
2023-08-30,26.7,0.7,13.8,1009.1,85.91666666666667,20.3375
2023-08-31,27.2,0.7,15.2,1009.0,85.29166666666667,20.904166666666665
2023-09-01,27.1,1.2,18.8,1008.8,86.29166666666667,19.191666666666666
2023-09-02,26.5,2.6,12.3,1008.8,88.54166666666667,21.570833333333336
2023-09-03,26.9,10.0,17.6,1007.8,85.875,19.375
2023-09-04,26.9,2.2,17.7,1006.7,83.54166666666667,20.633333333333333
2023-09-05,27.0,2.4,17.2,1006.1,83.33333333333333,20.162499999999998
2023-09-06,27.8,1.0,17.7,1006.0,80.91666666666667,23.53333333333333
2023-09-07,27.0,10.2,19.7,1005.9,83.83333333333333,24.883333333333336
2023-09-08,26.7,50.6,22.7,1006.2,88.83333333333333,21.575
2023-09-09,26.9,15.9,18.1,1006.3,88.375,16.525000000000002
2023-09-10,27.1,5.5,18.4,1006.2,87.70833333333333,15.8375
2023-09-11,26.3,4.7,14.4,1007.1,88.125,15.441666666666668
2023-09-12,26.9,4.7,19.1,1007.6,84.83333333333333,14.8125
2023-09-13,26.5,3.6,12.8,1007.1,87.0,15.266666666666666
2023-09-14,26.6,2.2,13.4,1007.3,85.75,14.345833333333333
2023-09-15,27.2,2.1,16.6,1007.1,82.25,11.366666666666667
2023-09-16,27.0,7.3,20.6,1006.6,83.75,13.704166666666666
2023-09-17,27.2,8.2,23.0,1005.6,81.875,17.779166666666665
2023-09-18,25.9,30.9,22.2,1005.7,89.75,17.05
2023-09-19,26.3,12.3,22.3,1007.0,88.33333333333333,13.508333333333333
2023-09-20,26.5,11.1,21.7,1007.7,89.04166666666667,11.191666666666668
2023-09-21,26.5,20.7,16.3,1007.9,90.08333333333333,9.241666666666667
2023-09-22,26.4,14.9,11.5,1008.3,90.875,15.095833333333333
2023-09-23,26.1,35.3,16.0,1008.9,91.29166666666667,12.804166666666667
2023-09-24,26.2,15.3,11.4,1009.3,90.04166666666667,14.991666666666667
2023-09-25,26.3,17.7,15.0,1008.2,88.875,14.708333333333334
2023-09-26,26.4,4.4,13.4,1007.9,89.29166666666667,16.270833333333332
2023-09-27,26.1,21.0,17.0,1007.3,91.33333333333333,18.979166666666668
2023-09-28,26.6,22.6,20.2,1006.0,91.25,38.291666666666664
2023-09-29,27.4,25.9,12.4,1005.4,91.04166666666667,46.324999999999996
2023-09-30,27.9,13.2,15.3,1005.0,87.625,47.32916666666667
2023-10-01,28.4,0.8,17.5,1005.6,88.875,54.09583333333333
2023-10-02,27.3,3.2,13.0,1008.9,87.54166666666667,33.104166666666664
2023-10-03,27.3,0.1,12.9,1010.2,83.0,24.962500000000002
2023-10-04,27.1,2.9,14.5,1010.9,84.95833333333333,23.170833333333334
2023-10-05,27.1,0.1,15.8,1010.5,86.16666666666667,28.59583333333333
2023-10-06,27.1,0.7,16.8,1009.7,85.125,34.520833333333336
2023-10-07,27.0,0.2,18.1,1009.7,86.20833333333333,37.15833333333333
2023-10-08,27.6,0.3,18.0,1010.5,83.875,44.354166666666664
2023-10-09,27.9,0.0,16.4,1011.7,80.04166666666667,44.07083333333333
2023-10-10,27.7,0.0,19.4,1011.8,75.79166666666667,22.90416666666667
2023-10-11,27.6,0.0,20.3,1011.7,80.5,16.091666666666665
2023-10-12,27.9,0.0,16.6,1011.7,84.29166666666667,24.645833333333332
2023-10-13,28.7,0.0,17.2,1012.0,84.375,52.31666666666666
2023-10-14,28.4,0.0,14.2,1012.0,84.66666666666667,59.875
2023-10-15,28.7,0.7,19.2,1010.6,84.5,55.574999999999996
2023-10-16,28.6,0.0,15.5,1010.4,70.875,66.5125
2023-10-17,28.3,1.0,9.5,1011.6,74.75,72.97500000000001
2023-10-18,28.7,0.0,18.1,1012.3,73.0,55.975
2023-10-19,28.8,0.0,16.1,1012.1,62.958333333333336,43.020833333333336
2023-10-20,28.6,0.0,10.8,1011.8,67.20833333333333,62.9125
2023-10-21,29.1,0.1,12.3,1012.3,66.66666666666667,83.60833333333333
2023-10-22,28.7,0.0,14.5,1012.9,71.08333333333333,79.44583333333334
2023-10-23,28.6,0.0,18.7,1011.7,67.0,72.7375
2023-10-24,28.6,0.0,16.5,1011.2,60.875,63.25
2023-10-25,28.0,0.0,16.4,1012.7,59.791666666666664,55.4125
2023-10-26,27.8,0.0,19.9,1013.1,58.041666666666664,50.3125
2023-10-27,27.5,0.0,20.7,1011.7,55.083333333333336,44.28333333333333
2023-10-28,27.2,0.0,16.6,1011.3,55.666666666666664,50.28333333333333
2023-10-29,27.3,0.0,19.1,1010.9,54.333333333333336,56.5875
2023-10-30,27.4,0.0,14.7,1010.8,59.0,65.45416666666667
2023-10-31,27.9,0.0,14.9,1011.4,58.708333333333336,74.87083333333334
2023-11-01,27.5,0.0,14.8,1012.2,57.458333333333336,60.324999999999996
2023-11-02,27.5,0.0,17.2,1011.4,58.041666666666664,54.57083333333333
2023-11-03,27.9,0.0,19.9,1009.7,56.833333333333336,61.333333333333336
2023-11-04,28.5,0.0,14.6,1009.2,54.166666666666664,65.12916666666666
2023-11-05,28.8,0.0,15.5,1010.7,59.125,76.05416666666666
2023-11-06,28.5,0.0,17.1,1011.8,56.25,72.0625
2023-11-07,27.6,0.0,19.1,1011.8,55.625,60.24166666666667
2023-11-08,27.9,0.0,20.2,1011.7,68.83333333333333,46.512499999999996
2023-11-09,28.4,0.0,13.7,1012.2,76.25,48.90833333333333
2023-11-10,28.2,1.1,13.8,1013.5,72.70833333333333,59.729166666666664
2023-11-11,29.1,0.0,18.5,1013.7,64.16666666666667,58.93333333333334
2023-11-12,29.4,0.0,18.9,1013.5,52.041666666666664,58.94583333333333
2023-11-13,28.2,0.0,16.1,1013.1,55.583333333333336,55.65416666666667
2023-11-14,27.3,0.0,14.8,1012.7,63.125,63.38333333333333
2023-11-15,27.1,0.0,15.6,1012.6,63.708333333333336,59.083333333333336
2023-11-16,27.0,0.0,15.6,1012.8,61.208333333333336,67.10416666666667
2023-11-17,27.1,0.0,17.6,1012.6,59.625,68.42083333333333
2023-11-18,26.7,0.0,13.8,1012.0,62.416666666666664,82.175
2023-11-19,26.9,0.0,17.5,1012.0,63.416666666666664,78.30833333333334
2023-11-20,28.0,0.0,16.0,1012.2,61.0,72.96666666666667
2023-11-21,28.6,0.0,20.2,1012.1,58.791666666666664,57.612500000000004
2023-11-22,27.7,0.0,18.4,1011.4,50.166666666666664,53.199999999999996
2023-11-23,27.1,0.0,18.1,1009.7,53.583333333333336,59.291666666666664
2023-11-24,27.6,0.0,15.2,1009.6,59.833333333333336,62.15416666666667
2023-11-25,27.9,0.0,12.0,1011.4,67.33333333333333,38.479166666666664
2023-11-26,27.0,2.4,19.0,1011.8,78.375,29.566666666666666
2023-11-27,26.1,0.9,14.9,1011.3,77.375,14.941666666666668
2023-11-28,25.8,0.0,16.6,1010.4,73.54166666666667,23.333333333333332
2023-11-29,24.6,0.0,15.3,1011.3,71.95833333333333,38.795833333333334
2023-11-30,24.7,0.0,17.8,1011.8,78.58333333333333,56.6875
2023-12-01,25.0,0.3,15.8,1011.6,80.125,62.40833333333333
2023-12-02,25.7,0.0,14.8,1010.3,77.29166666666667,57.34166666666667
2023-12-03,27.4,0.0,17.0,1010.5,68.20833333333333,51.49166666666667
2023-12-04,27.6,0.3,19.7,1009.8,69.5,38.775
2023-12-05,27.7,0.0,19.4,1008.8,64.91666666666667,43.01666666666667
2023-12-06,26.6,0.0,18.8,1009.9,65.875,47.262499999999996
2023-12-07,26.0,0.0,17.5,1010.8,67.0,41.90833333333333
2023-12-08,26.0,0.0,18.8,1011.4,65.75,40.5
2023-12-09,26.2,0.0,18.4,1012.3,62.75,36.825
2023-12-10,26.4,0.0,16.3,1011.3,61.625,37.387499999999996
2023-12-11,26.4,0.0,16.6,1011.7,58.083333333333336,31.333333333333332
2023-12-12,25.3,0.0,18.8,1011.1,57.833333333333336,35.737500000000004
2023-12-13,24.9,0.0,17.4,1011.7,62.375,45.85
2023-12-14,26.0,0.0,11.6,1012.8,58.833333333333336,50.50833333333333
2023-12-15,25.9,0.0,15.1,1013.9,53.083333333333336,45.949999999999996
2023-12-16,25.1,0.0,18.8,1013.4,56.041666666666664,47.55416666666667
2023-12-17,25.7,0.0,17.7,1012.4,56.333333333333336,49.02916666666667
2023-12-18,27.0,0.0,16.7,1013.0,50.833333333333336,54.92083333333333
2023-12-19,26.9,0.0,15.8,1013.9,51.708333333333336,54.612500000000004
2023-12-20,25.7,0.0,17.1,1014.0,48.416666666666664,40.65833333333333
2023-12-21,26.2,0.0,16.1,1012.9,52.916666666666664,49.449999999999996
2023-12-22,25.7,0.0,12.5,1013.0,62.625,63.4
2023-12-23,25.9,0.0,18.4,1013.6,60.708333333333336,62.35833333333333
2023-12-24,25.4,0.0,15.1,1014.8,54.833333333333336,59.824999999999996
2023-12-25,25.0,0.0,16.0,1014.8,53.833333333333336,65.67916666666666
2023-12-26,25.4,0.0,13.6,1014.8,55.166666666666664,68.325
2023-12-27,26.0,0.0,16.9,1014.9,55.125,67.6875
2023-12-28,25.7,0.0,15.7,1013.3,60.708333333333336,76.03750000000001
2023-12-29,25.7,0.0,13.6,1013.3,64.0,76.06666666666666
2023-12-30,25.1,0.0,14.0,1013.0,69.25,78.14999999999999
2023-12-31,25.3,0.0,14.4,1012.5,63.625,77.4375
2024-01-01,25.2,0.0,15.9,1012.7,66.125,65.69583333333334
2024-01-02,24.7,0.0,20.0,1012.2,67.16666666666667,70.28750000000001
2024-01-03,24.2,0.0,18.7,1011.6,65.33333333333333,72.9875
2024-01-04,23.4,0.0,18.6,1012.0,75.08333333333333,70.01666666666667
2024-01-05,23.1,0.0,17.6,1012.3,73.20833333333333,70.6375
2024-01-06,25.0,0.0,21.4,1012.0,61.041666666666664,61.82916666666667
2024-01-07,25.3,0.0,17.3,1012.1,63.958333333333336,67.2
2024-01-08,26.6,0.0,17.6,1012.1,56.583333333333336,59.2875
2024-01-09,26.2,0.7,12.7,1012.8,69.54166666666667,79.37083333333334
2024-01-10,25.7,0.7,11.5,1013.1,70.875,51.362500000000004
2024-01-11,27.0,0.8,17.6,1013.3,65.66666666666667,53.92916666666667
2024-01-12,27.5,0.0,18.3,1012.6,61.416666666666664,55.39166666666667
2024-01-13,26.6,0.0,18.4,1013.5,62.291666666666664,51.37083333333334
2024-01-14,26.3,0.0,19.7,1014.2,49.583333333333336,36.862500000000004
2024-01-15,24.6,0.0,20.9,1014.1,41.625,21.883333333333336
2024-01-16,22.4,0.0,17.4,1012.1,57.166666666666664,31.979166666666668
2024-01-17,22.0,0.0,15.5,1011.6,64.79166666666667,39.333333333333336
2024-01-18,22.2,0.0,17.1,1012.9,65.75,48.6625
2024-01-19,22.1,0.0,13.2,1012.7,70.0,55.64166666666667
2024-01-20,22.8,0.0,21.9,1013.8,65.5,65.83749999999999
2024-01-21,23.8,0.0,18.4,1013.4,51.958333333333336,45.020833333333336
2024-01-22,23.2,0.0,18.3,1014.0,53.041666666666664,47.699999999999996
2024-01-23,23.7,0.0,24.9,1014.5,38.583333333333336,25.8875
2024-01-24,23.8,0.0,21.3,1014.0,39.0,22.3
2024-01-25,23.7,0.0,15.6,1014.9,43.333333333333336,32.94166666666667
2024-01-26,23.8,0.0,15.7,1015.7,47.958333333333336,47.862500000000004
2024-01-27,24.8,0.0,16.2,1015.9,47.125,49.19166666666666
2024-01-28,24.8,0.0,18.3,1015.5,46.625,53.46666666666667
2024-01-29,25.2,0.0,22.4,1015.4,43.125,52.52916666666667
2024-01-30,24.6,0.0,20.4,1014.5,49.208333333333336,49.862500000000004
2024-01-31,23.7,0.0,19.4,1014.4,63.708333333333336,48.895833333333336
2024-02-01,22.9,0.0,20.4,1015.4,69.58333333333333,31.6875
2024-02-02,23.7,0.0,21.1,1015.4,67.5,30.412499999999998
2024-02-03,26.4,0.0,22.2,1014.3,49.416666666666664,46.30833333333334
2024-02-04,26.2,0.0,13.1,1015.2,54.625,53.125
2024-02-05,26.3,0.0,18.6,1015.7,54.208333333333336,36.833333333333336
2024-02-06,25.8,0.0,19.9,1015.5,56.916666666666664,38.50833333333333
2024-02-07,26.1,0.0,24.0,1016.0,57.75,45.57916666666667
2024-02-08,25.8,0.0,24.5,1015.1,52.666666666666664,34.475
2024-02-09,24.6,0.0,23.1,1014.7,52.125,39.0
2024-02-10,24.7,0.0,24.4,1015.7,41.458333333333336,36.824999999999996
2024-02-11,24.1,0.0,22.2,1015.9,44.75,49.583333333333336
2024-02-12,24.3,0.0,15.0,1015.3,52.541666666666664,63.55833333333334
2024-02-13,24.9,0.0,22.3,1015.2,41.791666666666664,60.65833333333333
2024-02-14,25.6,0.0,23.7,1014.6,39.25,58.395833333333336
2024-02-15,25.9,0.0,20.9,1013.6,44.25,49.15833333333333
2024-02-16,26.2,0.0,17.2,1013.4,56.416666666666664,81.41250000000001
2024-02-17,26.3,0.0,14.5,1012.4,58.375,92.72083333333335
2024-02-18,26.8,0.0,21.7,1011.5,55.25,77.60000000000001
2024-02-19,25.8,0.0,20.6,1012.3,50.125,44.458333333333336
2024-02-20,25.4,0.0,25.3,1013.2,61.583333333333336,21.162499999999998
2024-02-21,24.0,0.1,19.3,1013.2,75.54166666666667,17.208333333333332
2024-02-22,24.2,0.2,19.6,1013.6,77.95833333333333,20.729166666666668
2024-02-23,24.4,0.0,24.9,1013.3,63.166666666666664,26.458333333333332
2024-02-24,24.8,0.0,27.8,1012.5,34.875,25.070833333333336
2024-02-25,25.6,0.0,19.0,1010.8,29.208333333333332,22.1125
2024-02-26,26.3,0.0,17.3,1010.2,47.166666666666664,62.0875
2024-02-27,27.4,0.0,21.4,1011.9,51.166666666666664,68.75416666666666
2024-02-28,27.9,0.0,21.9,1011.4,41.5,65.48333333333333
2024-02-29,28.2,0.0,19.0,1010.9,52.75,64.20416666666667
2024-03-01,27.4,0.0,19.6,1012.1,59.625,58.5375
2024-03-02,25.9,0.0,19.4,1012.9,76.83333333333333,29.579166666666666
2024-03-03,24.5,0.2,18.9,1013.5,73.20833333333333,20.133333333333333
2024-03-04,22.8,0.0,21.2,1013.8,61.791666666666664,24.208333333333332
2024-03-05,23.8,0.0,23.0,1012.9,46.0,29.95
2024-03-06,24.4,0.0,23.7,1012.8,35.458333333333336,31.708333333333332
2024-03-07,26.3,0.0,24.2,1012.2,39.166666666666664,30.391666666666666
2024-03-08,27.8,0.0,27.9,1012.2,29.791666666666668,24.125
2024-03-09,27.8,0.0,23.2,1012.1,30.958333333333332,23.412499999999998
2024-03-10,26.8,0.0,21.1,1013.2,36.0,28.008333333333336
2024-03-11,27.4,0.0,25.5,1014.3,46.583333333333336,30.854166666666668
2024-03-12,28.0,0.0,22.2,1013.5,45.041666666666664,28.741666666666664
2024-03-13,26.3,0.0,24.2,1013.3,64.16666666666667,23.525000000000002
2024-03-14,25.5,0.0,23.9,1013.5,70.54166666666667,26.34583333333333
2024-03-15,24.4,0.0,16.9,1012.6,73.58333333333333,38.31666666666667
2024-03-16,24.5,0.0,20.2,1012.4,74.875,40.42916666666667
2024-03-17,25.2,0.0,18.8,1012.4,75.125,43.59166666666667
2024-03-18,25.9,0.0,17.6,1012.2,78.66666666666667,36.97083333333333
2024-03-19,26.6,0.0,21.4,1012.0,68.41666666666667,40.545833333333334
2024-03-20,29.0,0.0,22.4,1010.9,31.416666666666668,34.81666666666667
2024-03-21,29.6,0.0,18.9,1009.4,27.375,45.93333333333334
2024-03-22,27.2,0.0,18.0,1009.3,67.70833333333333,53.35
2024-03-23,26.8,0.0,18.7,1009.5,68.33333333333333,41.454166666666666
2024-03-24,26.7,0.0,18.9,1011.0,75.04166666666667,23.804166666666664
2024-03-25,27.3,0.0,20.3,1011.3,72.58333333333333,18.3625
2024-03-26,27.5,0.0,22.2,1011.0,70.875,24.65416666666667
2024-03-27,27.4,0.0,22.3,1012.5,79.45833333333333,27.474999999999998
2024-03-28,27.6,0.0,18.4,1011.2,77.79166666666667,23.375
2024-03-29,28.5,0.0,19.9,1010.0,69.45833333333333,24.900000000000002
2024-03-30,28.4,0.0,24.0,1011.5,65.75,30.641666666666666
2024-03-31,28.9,0.0,24.0,1012.3,54.791666666666664,29.058333333333334
2024-04-01,28.3,0.0,20.0,1009.9,67.625,38.49583333333333
2024-04-02,27.3,0.0,19.0,1008.7,71.5,36.27916666666666
2024-04-03,27.1,0.0,20.6,1009.6,70.54166666666667,31.204166666666666
2024-04-04,27.6,0.0,21.4,1010.1,71.375,27.162499999999998
2024-04-05,29.2,0.0,26.7,1009.1,61.5,26.741666666666664
2024-04-06,31.0,0.0,28.4,1008.0,43.666666666666664,28.575
2024-04-07,30.0,0.0,26.0,1008.1,46.458333333333336,24.337500000000002
2024-04-08,27.7,0.0,19.8,1008.6,66.54166666666667,25.066666666666666
2024-04-09,27.7,0.0,19.0,1009.0,74.375,29.15833333333333
2024-04-10,27.6,0.0,20.2,1009.1,77.04166666666667,29.691666666666666
2024-04-11,27.8,0.0,18.8,1009.4,72.5,27.079166666666666
2024-04-12,27.7,0.0,17.6,1009.4,66.5,24.508333333333336
2024-04-13,26.7,0.0,17.7,1010.0,72.70833333333333,21.991666666666664
2024-04-14,27.3,0.0,23.8,1010.5,79.16666666666667,22.320833333333336
2024-04-15,31.0,0.0,21.7,1009.7,64.5,31.933333333333334
2024-04-16,34.0,0.0,21.6,1008.1,47.458333333333336,33.958333333333336
2024-04-17,30.8,0.0,18.2,1008.4,65.70833333333333,36.61666666666667
2024-04-18,30.5,0.0,21.3,1008.1,73.16666666666667,26.604166666666668
2024-04-19,30.9,0.0,26.7,1006.6,64.20833333333333,29.879166666666666
2024-04-20,30.5,0.0,27.0,1007.1,58.958333333333336,25.191666666666666
2024-04-21,29.6,0.0,26.0,1007.8,61.25,21.358333333333334
2024-04-22,29.7,0.0,24.4,1008.5,65.70833333333333,20.533333333333335
2024-04-23,29.2,0.0,23.5,1007.4,67.75,25.03333333333333
2024-04-24,29.0,0.0,22.3,1006.6,72.29166666666667,24.962500000000002
2024-04-25,29.4,0.0,25.5,1007.0,67.91666666666667,25.079166666666666
2024-04-26,30.1,0.0,22.1,1006.9,64.75,29.375
2024-04-27,31.0,0.0,23.4,1006.7,60.166666666666664,28.15833333333333
2024-04-28,33.0,0.0,27.2,1006.5,47.083333333333336,27.05
2024-04-29,32.6,0.0,26.6,1007.8,43.583333333333336,23.575
2024-04-30,31.8,0.0,27.0,1006.8,53.0,25.2
2024-05-01,29.5,0.0,20.0,1006.0,64.125,27.775000000000002
2024-05-02,28.7,0.0,20.5,1006.3,69.375,34.38333333333333
2024-05-03,28.0,0.0,20.2,1007.6,77.0,32.85
2024-05-04,28.8,0.0,21.9,1008.3,79.58333333333333,21.145833333333332
2024-05-05,29.8,0.0,23.5,1006.6,73.875,22.816666666666666
2024-05-06,29.2,0.0,20.7,1007.6,77.91666666666667,22.212500000000002
2024-05-07,29.3,0.0,20.4,1008.5,77.08333333333333,17.900000000000002
2024-05-08,29.6,0.0,24.4,1008.0,73.83333333333333,14.791666666666666
2024-05-09,29.6,0.0,20.3,1007.2,76.875,13.166666666666666
2024-05-10,29.5,0.0,19.9,1008.3,76.54166666666667,15.091666666666667
2024-05-11,29.7,0.0,23.9,1008.9,77.625,15.75
2024-05-12,30.3,0.0,22.4,1008.9,74.75,18.954166666666666
2024-05-13,30.4,1.8,22.5,1008.4,73.5,17.770833333333332
2024-05-14,31.3,0.0,23.7,1007.7,64.41666666666667,27.770833333333332
2024-05-15,31.3,0.0,21.1,1008.0,69.25,30.462500000000002
2024-05-16,32.3,0.1,18.1,1008.0,65.5,38.704166666666666
2024-05-17,31.5,0.0,17.3,1007.2,67.375,33.0375
2024-05-18,31.1,0.0,17.3,1005.2,78.95833333333333,31.558333333333334
2024-05-19,30.8,5.6,19.3,1003.3,76.95833333333333,19.912499999999998
2024-05-20,31.5,0.0,21.2,1003.7,73.79166666666667,16.045833333333334
2024-05-21,31.7,0.1,21.9,1003.4,74.91666666666667,19.704166666666666
2024-05-22,31.4,0.3,18.7,1003.0,77.04166666666667,18.616666666666667
2024-05-23,31.0,0.0,24.2,1002.2,78.08333333333333,17.954166666666666
2024-05-24,30.9,0.2,18.4,1002.3,75.70833333333333,19.537499999999998
2024-05-25,30.8,0.7,19.4,1003.6,72.875,19.45
2024-05-26,31.1,0.5,21.3,1004.5,69.08333333333333,23.462500000000002
2024-05-27,30.8,0.5,21.3,1004.2,71.91666666666667,24.820833333333336
2024-05-28,31.1,0.6,21.3,1004.5,69.625,26.208333333333332
2024-05-29,31.4,0.4,23.4,1004.6,64.375,23.245833333333334
2024-05-30,31.6,0.2,19.2,1005.5,65.29166666666667,21.370833333333334
2024-05-31,30.7,0.6,19.5,1006.3,79.25,17.545833333333334
2024-06-01,30.9,0.8,18.7,1006.1,74.375,14.275
2024-06-02,31.2,0.3,17.9,1006.3,69.5,16.349999999999998
2024-06-03,31.5,0.7,15.5,1006.5,69.79166666666667,21.629166666666666
2024-06-04,30.0,4.8,15.9,1007.1,77.0,21.979166666666668
2024-06-05,29.5,6.7,16.5,1007.4,78.04166666666667,16.008333333333333
2024-06-06,29.8,1.2,17.3,1008.0,77.91666666666667,16.400000000000002
2024-06-07,30.4,1.1,18.0,1006.2,73.58333333333333,20.916666666666668
2024-06-08,29.9,6.3,20.0,1005.0,74.0,25.28333333333333
2024-06-09,28.7,23.0,13.6,1004.9,81.29166666666667,20.0125
2024-06-10,27.1,33.2,14.7,1006.3,87.16666666666667,23.554166666666664
2024-06-11,27.7,10.8,13.5,1006.8,86.83333333333333,20.875
2024-06-12,27.7,14.3,16.1,1007.6,86.08333333333333,17.745833333333334
2024-06-13,27.5,13.6,17.7,1007.2,86.0,12.066666666666668
2024-06-14,27.0,8.6,18.3,1006.4,86.375,15.079166666666666
2024-06-15,27.7,2.2,18.9,1005.6,83.08333333333333,12.841666666666667
2024-06-16,28.5,1.4,15.0,1005.8,80.75,16.270833333333332
2024-06-17,28.3,7.4,18.6,1006.1,83.16666666666667,21.991666666666664
2024-06-18,27.3,30.3,20.8,1005.9,87.29166666666667,17.058333333333334
2024-06-19,27.4,23.3,18.9,1004.0,85.375,21.40416666666667
2024-06-20,27.2,48.6,20.7,1003.1,88.375,21.825
2024-06-21,27.7,22.9,20.9,1003.6,86.375,26.141666666666666
2024-06-22,27.5,5.3,16.8,1002.5,85.5,19.416666666666668
2024-06-23,27.8,4.2,16.6,1001.5,86.08333333333333,22.09166666666667
2024-06-24,27.7,11.3,18.0,999.7,85.95833333333333,22.458333333333332
2024-06-25,28.1,6.8,31.7,998.0,85.04166666666667,13.558333333333332
2024-06-26,27.9,23.0,29.9,998.0,87.25,21.095833333333335
2024-06-27,27.1,98.7,27.5,1000.6,89.625,22.52916666666667
2024-06-28,27.1,45.3,27.8,1001.9,88.70833333333333,21.233333333333334
2024-06-29,27.5,21.3,26.2,1003.0,86.66666666666667,20.479166666666668
2024-06-30,27.7,21.3,30.6,1003.4,86.875,20.837500000000002
2024-07-01,28.2,16.3,36.4,1002.3,82.29166666666667,22.15416666666667
2024-07-02,28.6,8.1,32.0,1001.7,81.95833333333333,25.97083333333333
2024-07-03,28.6,8.9,28.6,1002.7,84.375,19.254166666666666
2024-07-04,27.8,8.7,24.3,1004.0,85.0,18.9875
2024-07-05,27.4,12.2,23.0,1002.2,86.58333333333333,22.625
2024-07-06,27.6,17.6,26.7,1001.3,85.20833333333333,26.141666666666666
2024-07-07,27.3,11.8,20.9,1002.4,88.29166666666667,26.445833333333336
2024-07-08,26.8,20.7,17.2,1002.5,89.5,26.295833333333334
2024-07-09,26.1,80.2,22.1,1003.4,91.83333333333333,18.900000000000002
2024-07-10,26.6,36.0,21.3,1006.1,88.16666666666667,18.054166666666667
2024-07-11,26.4,39.1,21.6,1005.8,90.20833333333333,19.391666666666666
2024-07-12,26.0,83.3,21.0,1003.9,92.20833333333333,18.970833333333335
2024-07-13,25.9,76.7,27.6,1003.4,92.16666666666667,20.508333333333333
2024-07-14,25.6,50.5,24.5,1001.8,92.91666666666667,20.145833333333332
2024-07-15,26.4,10.2,14.8,1001.1,89.45833333333333,22.22083333333333
2024-07-16,26.6,17.6,20.0,1000.4,89.66666666666667,18.287499999999998
2024-07-17,26.5,45.3,23.9,1002.0,89.79166666666667,17.625
2024-07-18,26.4,57.6,26.4,1002.6,90.625,21.616666666666664
2024-07-19,26.3,48.3,26.9,1000.8,90.66666666666667,20.400000000000002
2024-07-20,26.3,87.0,27.5,1001.4,90.25,21.441666666666666
2024-07-21,26.4,48.9,27.2,1001.8,90.375,21.758333333333336
2024-07-22,26.3,54.7,28.1,1003.7,90.375,23.03333333333333
2024-07-23,26.2,42.1,29.0,1004.6,90.33333333333333,19.816666666666666
2024-07-24,26.2,54.4,32.4,1002.2,89.625,26.054166666666664
2024-07-25,26.2,74.2,33.6,1001.2,89.16666666666667,33.9375
2024-07-26,26.7,22.9,27.7,1002.5,87.25,21.083333333333332
2024-07-27,27.2,8.2,29.3,1003.3,83.375,20.8875
2024-07-28,27.0,19.0,27.1,1001.0,86.79166666666667,22.2
2024-07-29,26.4,34.2,25.4,999.8,89.16666666666667,24.28333333333333
2024-07-30,26.6,17.4,23.2,1003.0,88.875,22.9375
2024-07-31,26.8,22.1,20.8,1005.4,88.08333333333333,20.129166666666666
2024-08-01,26.9,15.8,26.3,1005.1,86.08333333333333,18.979166666666668
2024-08-02,26.4,28.2,29.2,1004.8,86.375,16.8625
2024-08-03,26.3,24.5,30.2,1005.0,86.75,20.916666666666668
2024-08-04,26.2,39.4,27.8,1005.5,88.16666666666667,20.983333333333334
2024-08-05,27.1,5.8,24.0,1006.4,84.375,20.645833333333332
2024-08-06,27.0,5.2,20.0,1006.5,83.83333333333333,17.691666666666666
2024-08-07,26.9,5.6,19.2,1006.6,84.625,15.950000000000001
2024-08-08,26.8,4.2,18.8,1007.5,83.54166666666667,17.6375
2024-08-09,26.1,15.5,16.0,1008.5,88.125,18.3625
2024-08-10,26.7,4.7,18.7,1008.3,85.0,15.158333333333333
2024-08-11,27.2,2.4,20.4,1006.7,82.125,14.125
2024-08-12,27.1,2.9,21.5,1006.5,84.0,16.337500000000002
2024-08-13,27.0,3.6,16.9,1007.0,84.95833333333333,16.125
2024-08-14,27.1,1.9,16.1,1007.0,84.58333333333333,16.008333333333333
2024-08-15,27.3,1.2,18.1,1006.0,83.75,16.683333333333334
2024-08-16,27.5,0.9,16.6,1004.9,83.79166666666667,17.470833333333335
2024-08-17,27.5,0.5,13.1,1006.0,84.83333333333333,15.633333333333333
2024-08-18,27.6,2.9,13.7,1006.6,86.20833333333333,17.4375
2024-08-19,27.1,16.7,15.9,1005.9,88.75,16.004166666666666
2024-08-20,26.3,28.8,13.1,1005.6,91.125,16.445833333333333
2024-08-21,27.6,0.2,17.3,1005.5,87.29166666666667,20.787499999999998
2024-08-22,27.9,4.7,15.8,1005.0,85.83333333333333,31.825
2024-08-23,26.9,16.0,18.1,1005.5,89.66666666666667,12.8375
2024-08-24,25.8,61.7,20.9,1006.5,92.5,17.845833333333335
2024-08-25,26.1,28.0,26.0,1005.5,88.125,21.029166666666665
2024-08-26,26.1,22.6,28.1,1003.9,87.20833333333333,20.662499999999998
2024-08-27,26.0,17.9,31.1,1004.7,87.0,18.775000000000002
2024-08-28,26.8,14.4,32.1,1005.5,84.79166666666667,19.016666666666666
2024-08-29,27.3,5.1,25.3,1004.8,84.16666666666667,16.9875
2024-08-30,26.9,6.5,19.8,1006.0,85.20833333333333,16.3875
2024-08-31,27.0,2.1,12.9,1007.2,84.75,15.566666666666668
2024-09-01,26.7,2.3,13.2,1006.9,85.33333333333333,13.620833333333332
2024-09-02,26.1,29.6,19.5,1005.7,89.95833333333333,15.733333333333334
2024-09-03,26.0,13.0,16.0,1006.5,89.08333333333333,16.475
2024-09-04,26.3,17.1,19.4,1007.4,87.75,16.145833333333332
2024-09-05,26.3,27.9,23.4,1006.0,88.0,18.325
2024-09-06,26.5,14.7,21.3,1006.9,86.54166666666667,16.770833333333332
2024-09-07,26.4,10.0,17.2,1007.6,86.91666666666667,13.637500000000001
2024-09-08,26.5,4.2,14.9,1007.6,86.45833333333333,12.0625
2024-09-09,26.7,2.0,16.4,1005.3,84.75,10.775
2024-09-10,26.6,3.9,17.6,1004.5,86.0,12.329166666666666
2024-09-11,26.3,4.6,18.5,1005.6,86.125,14.204166666666666
2024-09-12,26.3,8.2,17.9,1007.4,85.83333333333333,20.170833333333334
2024-09-13,26.3,4.5,19.2,1007.8,83.20833333333333,19.670833333333334
2024-09-14,25.2,9.1,16.7,1007.7,87.16666666666667,18.091666666666665
2024-09-15,25.3,3.9,13.4,1008.3,87.25,16.666666666666668
2024-09-16,26.1,2.4,14.6,1008.8,86.875,18.758333333333333
2024-09-17,26.0,0.2,15.6,1009.0,84.33333333333333,20.845833333333335
2024-09-18,26.2,0.8,13.0,1007.0,82.66666666666667,22.525000000000002
2024-09-19,27.1,1.0,12.8,1007.4,81.5,23.516666666666666
2024-09-20,26.3,5.2,15.9,1007.8,86.75,24.104166666666668
2024-09-21,27.0,1.9,15.8,1008.5,83.25,21.537499999999998
2024-09-22,27.3,2.2,18.5,1007.7,82.95833333333333,22.474999999999998
2024-09-23,27.3,5.7,17.6,1006.6,86.95833333333333,21.875
2024-09-24,26.4,23.1,22.7,1004.9,90.58333333333333,22.570833333333336
2024-09-25,26.0,36.4,20.6,1004.2,92.29166666666667,17.837500000000002
2024-09-26,25.6,48.0,18.7,1003.2,94.125,18.383333333333333
2024-09-27,26.0,61.7,28.1,1004.8,90.25,15.725
2024-09-28,26.6,5.8,17.9,1008.0,86.125,13.1875
2024-09-29,26.6,4.6,14.8,1010.1,87.70833333333333,12.158333333333333
2024-09-30,27.1,1.6,15.2,1010.1,87.875,17.641666666666666
2024-10-01,27.9,0.6,15.7,1008.1,88.66666666666667,40.425000000000004
2024-10-02,27.9,1.3,15.0,1008.8,90.70833333333333,40.449999999999996
2024-10-03,27.5,1.4,15.7,1009.3,87.0,20.645833333333332
2024-10-04,27.2,1.4,14.4,1009.2,86.0,14.1625
2024-10-05,26.6,1.1,14.7,1009.7,86.125,18.479166666666668
2024-10-06,26.9,21.4,17.9,1009.7,86.04166666666667,25.075
2024-10-07,28.1,0.6,13.7,1009.8,84.04166666666667,49.362500000000004
2024-10-08,28.4,0.0,14.1,1010.0,85.16666666666667,69.78333333333333
2024-10-09,26.8,6.4,18.9,1008.7,87.5,61.45416666666667
2024-10-10,26.7,6.4,15.9,1006.9,85.95833333333333,36.07083333333333
2024-10-11,27.4,22.0,15.7,1006.4,82.41666666666667,23.670833333333334
2024-10-12,27.5,0.7,11.5,1007.6,85.75,31.870833333333334
2024-10-13,27.4,2.0,10.9,1008.7,85.83333333333333,39.229166666666664
2024-10-14,26.8,5.2,16.0,1009.2,87.41666666666667,32.291666666666664
2024-10-15,26.7,0.0,11.9,1009.4,87.375,27.229166666666668
2024-10-16,27.2,8.6,12.5,1008.6,87.58333333333333,37.391666666666666
2024-10-17,27.1,2.9,12.3,1007.9,90.83333333333333,47.645833333333336
2024-10-18,27.7,12.4,13.4,1007.7,85.20833333333333,40.59166666666666
2024-10-19,26.3,7.9,12.1,1010.2,88.20833333333333,27.775000000000002
2024-10-20,26.4,6.8,8.2,1011.0,86.70833333333333,28.233333333333334
2024-10-21,26.9,13.3,8.8,1011.0,85.04166666666667,25.075
2024-10-22,26.6,7.3,12.3,1010.9,87.0,23.416666666666668
2024-10-23,27.3,0.0,14.8,1010.3,85.33333333333333,31.804166666666664
2024-10-24,28.1,0.0,14.9,1009.9,74.70833333333333,57.583333333333336
2024-10-25,27.0,0.0,12.5,1010.0,74.5,66.22500000000001
2024-10-26,26.9,0.0,17.0,1010.2,68.16666666666667,69.42083333333333
2024-10-27,26.9,0.0,15.9,1009.0,77.91666666666667,64.14166666666667
2024-10-28,27.1,0.0,16.2,1007.6,83.16666666666667,51.82083333333333
2024-10-29,27.6,0.0,13.7,1008.8,87.25,45.208333333333336
2024-10-30,27.7,0.0,12.5,1009.7,82.58333333333333,46.2875
2024-10-31,28.3,0.0,15.2,1010.3,75.16666666666667,60.475
2024-11-01,27.9,0.3,14.1,1011.7,82.0,60.15416666666667
2024-11-02,28.0,0.0,17.5,1011.9,75.70833333333333,59.57916666666667
2024-11-03,28.0,0.0,16.6,1011.6,64.75,56.137499999999996
2024-11-04,27.9,0.0,19.7,1010.8,60.541666666666664,59.69583333333333
2024-11-05,28.2,0.0,15.8,1011.4,60.333333333333336,62.520833333333336
2024-11-06,27.9,0.0,17.7,1012.3,60.958333333333336,56.32916666666667
2024-11-07,27.4,0.0,16.1,1012.1,56.791666666666664,57.699999999999996
2024-11-08,27.7,0.0,17.2,1011.8,58.208333333333336,65.77916666666667
2024-11-09,27.7,0.0,17.9,1011.9,57.625,58.59583333333333
2024-11-10,27.6,0.0,20.3,1011.9,56.333333333333336,60.949999999999996
2024-11-11,27.9,0.0,20.6,1011.8,47.0,62.51666666666667
2024-11-12,27.8,0.0,17.9,1011.1,53.416666666666664,52.1625
2024-11-13,28.5,0.0,12.6,1009.4,48.625,57.00833333333333
2024-11-14,29.1,0.0,10.7,1010.4,46.166666666666664,53.6625
2024-11-15,29.0,0.3,10.5,1011.5,58.458333333333336,65.41250000000001
2024-11-16,29.2,0.0,14.2,1010.7,64.66666666666667,79.95
2024-11-17,29.7,0.0,14.5,1010.3,58.458333333333336,67.3125
2024-11-18,28.9,0.0,12.3,1011.3,52.041666666666664,49.44583333333333
2024-11-19,27.6,0.0,14.1,1012.5,45.0,55.887499999999996
2024-11-20,26.9,0.0,13.5,1012.1,47.083333333333336,61.300000000000004
2024-11-21,26.7,0.0,12.8,1011.8,49.041666666666664,66.75833333333334
2024-11-22,26.5,0.0,12.6,1011.3,54.083333333333336,77.91250000000001
2024-11-23,26.5,0.0,10.1,1012.2,56.166666666666664,90.31666666666666
2024-11-24,26.9,0.0,12.0,1012.3,55.666666666666664,98.125
2024-11-25,26.7,0.0,13.0,1011.9,53.958333333333336,88.91666666666667
2024-11-26,26.3,0.0,13.5,1011.8,44.75,58.020833333333336
2024-11-27,26.2,0.0,13.1,1011.0,42.333333333333336,45.71666666666667
2024-11-28,26.4,0.0,11.3,1011.0,35.041666666666664,48.62916666666666
2024-11-29,25.3,0.0,14.4,1011.2,42.333333333333336,40.958333333333336
2024-11-30,25.1,0.0,12.2,1009.9,43.125,55.262499999999996
2024-12-01,25.8,0.0,13.3,1008.1,52.0,77.61666666666666
2024-12-02,27.6,0.0,12.3,1007.5,56.916666666666664,63.09166666666667
2024-12-03,28.9,0.2,14.5,1008.9,59.458333333333336,50.425000000000004
2024-12-04,29.4,0.2,13.4,1009.8,65.70833333333333,46.25833333333333
2024-12-05,29.2,0.0,10.4,1010.7,68.625,49.40416666666667
2024-12-06,28.5,0.0,12.8,1010.8,65.41666666666667,42.824999999999996
2024-12-07,27.6,0.0,15.6,1010.6,51.5,34.733333333333334
2024-12-08,25.4,0.0,13.5,1011.3,43.875,33.90416666666667
2024-12-09,24.9,0.0,16.2,1011.5,36.416666666666664,24.791666666666668
2024-12-10,25.1,0.0,11.0,1011.2,48.0,33.81666666666667
2024-12-11,26.3,0.0,12.3,1011.5,56.666666666666664,49.512499999999996
2024-12-12,25.3,0.0,14.5,1011.4,60.041666666666664,42.854166666666664
2024-12-13,25.9,0.0,12.0,1011.8,50.5,39.53333333333333
2024-12-14,25.9,0.0,11.5,1012.7,43.375,49.29583333333333
2024-12-15,25.5,0.0,10.3,1013.6,43.583333333333336,40.30833333333333
2024-12-16,24.9,0.0,11.9,1012.6,44.166666666666664,38.94583333333333
2024-12-17,24.0,0.0,12.3,1011.5,49.083333333333336,46.166666666666664
2024-12-18,24.3,0.0,10.6,1010.7,56.458333333333336,64.29166666666667
2024-12-19,23.6,0.0,11.4,1010.8,68.75,65.90833333333333
2024-12-20,23.3,0.0,13.2,1011.0,71.83333333333333,75.81666666666666
2024-12-21,23.5,0.0,10.5,1011.3,75.16666666666667,91.72500000000001
2024-12-22,24.0,0.0,12.0,1011.9,77.25,56.79583333333333
2024-12-23,23.8,0.0,14.7,1012.2,71.125,67.57083333333334
2024-12-24,23.9,0.0,16.1,1012.3,60.166666666666664,93.16666666666667
2024-12-25,24.0,0.0,14.1,1013.1,61.25,88.675
2024-12-26,24.9,0.0,12.9,1014.6,68.5,110.54583333333333
2024-12-27,24.7,0.0,14.5,1014.9,70.20833333333333,124.80833333333334
2024-12-28,25.0,0.3,14.0,1015.0,68.54166666666667,100.99166666666667
2024-12-29,25.7,0.0,12.3,1014.7,68.83333333333333,83.22500000000001
2024-12-30,26.9,0.0,11.7,1014.4,63.041666666666664,65.04583333333333
2024-12-31,27.2,0.0,12.4,1014.7,59.541666666666664,70.30833333333334
2025-01-01,26.8,0.0,12.9,1013.6,61.25,71.175
2025-01-02,26.7,0.0,15.1,1013.5,58.208333333333336,59.69583333333333
2025-01-03,26.4,0.0,13.7,1013.4,51.791666666666664,55.50833333333333
2025-01-04,25.3,0.0,11.9,1012.4,47.791666666666664,42.69166666666666
2025-01-05,24.4,0.0,13.5,1012.3,62.166666666666664,42.12916666666667
2025-01-06,23.9,0.0,16.5,1012.6,59.041666666666664,44.34166666666667
2025-01-07,24.4,0.0,16.6,1012.3,52.875,47.020833333333336
2025-01-08,25.1,0.0,11.6,1011.8,53.75,61.770833333333336
2025-01-09,25.5,0.0,11.8,1012.3,46.0,66.2375
2025-01-10,25.2,0.0,9.6,1013.6,50.833333333333336,81.16250000000001
2025-01-11,24.0,0.0,15.2,1014.0,63.166666666666664,65.25
2025-01-12,24.4,0.0,15.7,1013.9,60.208333333333336,53.84583333333333
2025-01-13,26.1,0.0,14.0,1011.8,55.416666666666664,75.00416666666668
2025-01-14,26.2,0.0,12.0,1012.2,56.916666666666664,83.47500000000001
2025-01-15,25.0,0.0,16.0,1013.6,67.20833333333333,78.4875
2025-01-16,24.5,0.0,16.9,1014.1,65.79166666666667,77.40833333333333
2025-01-17,26.4,0.0,14.9,1012.2,59.5,78.87083333333334
2025-01-18,27.2,0.0,14.9,1011.7,46.5,74.2375
2025-01-19,26.4,0.0,13.1,1012.6,46.291666666666664,72.84583333333333
2025-01-20,26.4,0.0,12.8,1012.1,45.791666666666664,67.59166666666667
2025-01-21,25.8,0.0,12.0,1011.0,51.291666666666664,70.03750000000001
2025-01-22,25.6,0.0,15.0,1010.7,53.083333333333336,63.770833333333336
2025-01-23,25.3,0.0,17.6,1011.0,49.833333333333336,52.675000000000004
2025-01-24,25.8,0.0,12.1,1010.0,48.791666666666664,53.00416666666666
2025-01-25,26.8,0.0,10.9,1010.8,57.0,76.6375
2025-01-26,27.0,0.0,11.2,1010.7,58.708333333333336,66.54166666666667
2025-01-27,26.7,0.0,13.3,1010.0,56.0,59.975
2025-01-28,25.4,0.0,11.8,1010.3,56.875,58.362500000000004
2025-01-29,24.8,0.0,12.7,1012.1,58.208333333333336,58.637499999999996
2025-01-30,25.4,0.0,11.7,1010.9,52.0,52.49583333333334
2025-01-31,24.5,0.0,13.6,1010.8,58.875,31.891666666666666
2025-02-01,23.8,0.0,15.7,1011.8,57.791666666666664,35.104166666666664
2025-02-02,25.0,0.0,14.3,1011.6,44.5,40.21666666666667
2025-02-03,24.7,0.0,17.1,1012.0,52.125,42.69166666666666
2025-02-04,24.6,0.0,15.0,1013.0,52.708333333333336,47.12083333333334
2025-02-05,25.0,0.0,19.1,1011.9,38.041666666666664,30.391666666666666
2025-02-06,25.5,0.0,12.6,1010.7,43.291666666666664,37.18333333333333
2025-02-07,27.2,0.0,10.9,1011.7,53.333333333333336,71.875
2025-02-08,27.2,0.0,12.6,1011.8,55.458333333333336,83.69583333333334
2025-02-09,27.5,0.0,14.2,1011.3,48.0,70.14999999999999
2025-02-10,27.4,0.0,15.0,1012.6,45.625,57.25416666666666
2025-02-11,26.2,0.0,15.9,1013.4,47.333333333333336,47.67083333333333
2025-02-12,26.0,0.0,15.4,1013.4,48.75,37.125
2025-02-13,27.5,0.0,15.7,1012.5,39.541666666666664,34.795833333333334
2025-02-14,28.5,0.0,18.8,1012.0,34.666666666666664,33.52916666666667
2025-02-15,28.7,0.0,17.5,1011.3,30.791666666666668,36.69583333333333
2025-02-16,27.5,0.0,16.0,1011.9,34.875,38.729166666666664
2025-02-17,27.1,0.0,17.3,1012.6,44.208333333333336,34.9125
2025-02-18,28.2,0.0,18.5,1012.4,38.625,37.49583333333333
2025-02-19,28.0,0.0,17.8,1011.5,37.875,35.583333333333336
2025-02-20,28.3,0.0,18.5,1011.8,38.75,34.05833333333333
2025-02-21,30.0,0.0,16.9,1012.8,31.166666666666668,35.75833333333333
2025-02-22,29.2,0.0,17.7,1013.3,34.541666666666664,35.42916666666667
2025-02-23,29.6,0.0,15.4,1013.4,33.541666666666664,38.78333333333333
2025-02-24,29.7,0.0,14.4,1013.2,32.75,37.75
2025-02-25,29.8,0.0,14.6,1013.9,33.583333333333336,52.84166666666667
2025-02-26,29.0,0.0,14.8,1014.1,45.916666666666664,68.5125
2025-02-27,29.2,0.0,15.0,1012.8,44.041666666666664,76.26666666666667
2025-02-28,28.8,0.0,14.9,1011.6,51.041666666666664,67.27083333333333
2025-03-01,29.0,0.0,16.1,1011.0,41.916666666666664,33.34166666666667
2025-03-02,29.3,0.0,17.1,1010.3,36.208333333333336,39.3375
2025-03-03,29.5,0.0,17.7,1010.6,39.375,43.02916666666667
2025-03-04,29.4,0.0,19.0,1011.2,38.916666666666664,36.666666666666664
2025-03-05,29.6,0.0,16.9,1010.9,30.75,31.058333333333334
2025-03-06,28.6,0.0,16.5,1011.6,25.208333333333332,29.641666666666666
2025-03-07,29.4,0.0,16.8,1009.9,25.375,32.22083333333333
2025-03-08,28.9,0.0,14.9,1008.5,35.166666666666664,47.7125
2025-03-09,28.5,0.0,15.0,1008.6,48.125,43.041666666666664
2025-03-10,30.7,0.0,17.4,1009.9,34.625,60.50416666666666
2025-03-11,30.5,0.0,15.4,1011.0,44.041666666666664,86.65833333333335
2025-03-12,30.2,0.0,14.4,1009.9,49.791666666666664,90.39999999999999
2025-03-13,29.4,0.0,13.2,1009.3,61.458333333333336,75.91250000000001
2025-03-14,29.3,0.0,15.0,1009.8,56.583333333333336,46.12916666666666
2025-03-15,29.3,0.0,15.7,1010.5,53.458333333333336,28.941666666666666
2025-03-16,29.0,0.0,15.9,1011.0,53.083333333333336,27.041666666666668
2025-03-17,28.7,0.0,17.3,1011.0,58.5,29.587500000000002
2025-03-18,27.9,0.0,15.9,1010.4,65.125,30.3
2025-03-19,27.6,0.0,16.2,1011.6,63.708333333333336,31.754166666666666
2025-03-20,29.0,0.0,18.0,1013.0,45.041666666666664,25.59166666666667
2025-03-21,28.0,0.0,18.2,1013.6,58.25,20.629166666666666
2025-03-22,27.4,0.0,17.0,1012.5,65.41666666666667,30.65833333333333
2025-03-23,28.4,0.0,14.4,1012.0,67.625,42.74166666666667
2025-03-24,28.3,0.0,17.4,1011.9,74.625,41.670833333333334
2025-03-25,28.6,0.0,16.7,1009.2,67.41666666666667,31.120833333333334
2025-03-26,27.7,0.0,15.2,1008.6,73.45833333333333,22.054166666666664
2025-03-27,27.1,0.0,16.5,1009.8,75.66666666666667,19.720833333333335
2025-03-28,28.5,0.0,17.3,1008.5,61.041666666666664,34.050000000000004
2025-03-29,30.9,0.0,16.2,1007.0,31.0,37.59583333333333
2025-03-30,31.5,0.0,18.2,1007.4,39.333333333333336,40.541666666666664
2025-03-31,31.3,0.0,16.0,1007.7,43.916666666666664,41.55
2025-04-01,31.7,0.0,14.5,1006.9,43.708333333333336,51.2125
2025-04-02,31.8,0.0,15.3,1007.4,40.875,109.85416666666667
2025-04-03,29.4,0.6,12.1,1010.8,72.91666666666667,44.14166666666667
2025-04-04,29.2,1.0,15.4,1011.9,75.66666666666667,34.31666666666667
2025-04-05,29.7,0.0,18.5,1009.8,63.041666666666664,32.458333333333336
2025-04-06,30.0,0.0,16.1,1008.7,59.0,38.90833333333334
2025-04-07,30.7,0.0,19.1,1008.4,57.333333333333336,39.84166666666666
2025-04-08,31.1,0.0,19.9,1008.9,48.625,39.46666666666667
2025-04-09,30.4,0.0,16.2,1008.5,58.125,39.05833333333333
2025-04-10,29.4,0.0,12.4,1007.3,74.29166666666667,28.974999999999998
2025-04-11,29.0,0.0,14.5,1007.2,73.33333333333333,26.462500000000002
2025-04-12,28.8,0.1,14.7,1009.0,75.08333333333333,26.366666666666664
2025-04-13,28.9,0.0,16.1,1010.2,74.70833333333333,31.929166666666664
2025-04-14,30.1,0.0,19.3,1008.8,61.916666666666664,24.733333333333334
2025-04-15,30.0,0.0,16.9,1008.2,61.75,22.391666666666666
2025-04-16,29.1,0.0,15.4,1008.2,73.91666666666667,26.333333333333332
2025-04-17,28.8,0.0,15.7,1008.1,77.91666666666667,25.02916666666667
2025-04-18,28.9,0.0,14.9,1007.6,76.25,26.0125
2025-04-19,29.2,0.0,15.9,1008.0,74.91666666666667,22.6375
2025-04-20,29.2,0.0,14.5,1008.3,71.58333333333333,29.72083333333333
2025-04-21,29.1,0.0,15.3,1009.7,74.25,27.191666666666666
2025-04-22,29.8,0.0,16.8,1009.7,69.625,34.225
2025-04-23,30.2,0.0,16.7,1008.3,71.66666666666667,38.6875
2025-04-24,29.7,0.0,14.4,1007.5,74.0,29.4875
2025-04-25,29.6,0.0,14.9,1008.0,70.95833333333333,28.195833333333336
2025-04-26,29.4,0.0,15.6,1007.8,70.66666666666667,26.1375
2025-04-27,29.3,0.0,15.6,1008.2,74.25,31.004166666666666
2025-04-28,29.3,0.0,16.1,1007.4,74.91666666666667,30.087500000000002
2025-04-29,29.4,0.0,14.1,1006.8,76.5,32.25833333333333
2025-04-30,29.6,0.0,15.2,1007.9,74.91666666666667,24.212500000000002
2025-05-01,29.8,0.0,18.4,1008.3,74.58333333333333,24.075
2025-05-02,30.0,0.0,14.4,1008.4,68.16666666666667,22.912499999999998
2025-05-03,29.8,0.0,15.6,1008.2,67.79166666666667,22.662499999999998
2025-05-04,30.0,0.0,15.4,1007.9,68.25,19.716666666666665
2025-05-05,30.2,0.0,14.6,1007.5,70.04166666666667,25.22083333333333
2025-05-06,28.7,6.3,15.9,1008.4,73.33333333333333,20.841666666666665
2025-05-07,27.9,3.0,17.6,1007.6,73.41666666666667,17.025000000000002
2025-05-08,26.6,9.3,14.3,1007.5,80.5,11.295833333333334
2025-05-09,27.1,2.0,15.2,1008.4,82.08333333333333,12.004166666666668
2025-05-10,28.0,0.5,11.5,1008.3,80.83333333333333,16.125
2025-05-11,29.1,0.4,12.0,1007.6,75.625,25.116666666666664
2025-05-12,30.3,1.6,13.1,1006.6,69.79166666666667,22.075
2025-05-13,30.5,1.7,13.1,1006.7,70.0,25.150000000000002
2025-05-14,29.9,0.6,12.3,1007.2,71.66666666666667,30.270833333333332
2025-05-15,30.5,1.8,14.3,1007.2,70.45833333333333,28.962500000000002
2025-05-16,31.0,1.0,14.1,1007.0,64.75,24.395833333333332
2025-05-17,30.6,0.9,13.3,1006.6,66.20833333333333,22.608333333333334
2025-05-18,31.2,0.0,14.7,1005.9,61.208333333333336,22.65833333333333
2025-05-19,30.3,0.2,16.2,1004.9,68.58333333333333,25.0625
2025-05-20,30.2,8.7,13.2,1004.1,75.0,24.3625
2025-05-21,29.0,1.1,10.7,1003.3,83.0,31.3875
2025-05-22,28.5,21.2,18.3,1002.1,81.83333333333333,52.97083333333333
2025-05-23,28.7,2.2,13.2,999.6,85.75,58.25833333333333
2025-05-24,28.8,8.9,12.0,999.4,83.91666666666667,33.074999999999996
2025-05-25,26.5,27.3,11.6,1001.8,90.91666666666667,24.666666666666668
2025-05-26,26.2,54.0,21.3,1002.0,93.41666666666667,32.266666666666666
2025-05-27,27.3,9.1,13.0,1001.9,89.45833333333333,39.079166666666666
2025-05-28,26.9,11.5,13.5,1002.4,90.20833333333333,35.449999999999996
2025-05-29,28.9,5.6,17.8,1000.9,85.54166666666667,31.375
2025-05-30,29.6,1.8,17.8,1002.1,77.83333333333333,28.72083333333333
2025-05-31,29.2,3.5,20.0,1005.5,79.75,22.679166666666664
2025-06-01,27.3,11.1,19.1,1006.0,84.91666666666667,20.441666666666666
2025-06-02,27.8,8.8,19.9,1005.0,83.0,24.358333333333334
2025-06-03,27.4,12.8,20.9,1005.3,84.33333333333333,22.629166666666666
2025-06-04,27.0,4.5,14.6,1006.5,84.58333333333333,28.59166666666667
2025-06-05,27.8,1.6,10.0,1008.5,83.0,45.125
2025-06-06,28.3,4.7,10.0,1009.4,83.04166666666667,34.80416666666667
2025-06-07,27.7,8.1,10.1,1009.5,86.5,25.770833333333332
2025-06-08,28.4,4.4,14.0,1008.8,82.125,24.05
2025-06-09,29.0,2.0,18.8,1007.8,76.625,23.433333333333334
2025-06-10,28.8,0.8,17.5,1005.8,79.875,20.216666666666665
2025-06-11,29.7,0.8,17.1,1004.2,77.29166666666667,16.858333333333334
2025-06-12,30.0,2.8,23.7,1002.3,78.04166666666667,15.354166666666666
2025-06-13,28.3,29.6,19.9,1001.7,85.75,21.087500000000002
2025-06-14,27.5,58.0,13.1,1000.4,90.125,28.516666666666666
2025-06-15,26.7,55.5,15.3,997.8,93.5,34.5625
2025-06-16,26.2,100.9,28.8,998.7,91.5,16.008333333333333
2025-06-17,27.5,17.5,25.0,1001.7,85.08333333333333,16.633333333333333
2025-06-18,27.0,86.1,26.4,1002.6,89.16666666666667,13.625
2025-06-19,26.4,65.8,23.7,1003.5,90.70833333333333,17.962500000000002
2025-06-20,27.6,11.3,20.5,1004.9,84.0,17.291666666666668
2025-06-21,27.6,10.0,20.4,1005.3,84.625,17.091666666666665
2025-06-22,27.5,15.8,23.1,1004.4,83.58333333333333,18.7375
2025-06-23,26.8,51.2,24.8,1002.9,86.70833333333333,18.470833333333335
2025-06-24,27.0,26.7,24.0,1002.0,86.83333333333333,19.558333333333334
2025-06-25,28.1,10.0,24.1,1001.4,81.95833333333333,20.345833333333335
2025-06-26,26.7,25.0,18.1,1001.8,88.5,17.8875
2025-06-27,27.2,13.9,22.4,1002.5,83.25,19.595833333333335
2025-06-28,27.3,21.5,26.0,1003.9,80.79166666666667,20.029166666666665
2025-06-29,27.3,18.1,22.0,1004.1,83.83333333333333,19.020833333333332
2025-06-30,26.9,22.2,23.4,1003.9,84.25,18.245833333333334
2025-07-01,26.8,34.3,19.2,1004.2,85.625,18.066666666666666
2025-07-02,26.5,40.8,19.5,1003.5,87.66666666666667,18.849999999999998
2025-07-03,26.4,26.3,22.6,1003.6,86.83333333333333,17.629166666666666
2025-07-04,26.7,20.2,21.7,1004.5,84.625,17.145833333333332
2025-07-05,26.6,37.9,23.4,1004.3,85.5,17.829166666666666
2025-07-06,26.4,31.3,26.5,1003.7,87.41666666666667,18.058333333333334
2025-07-07,27.0,7.6,22.8,1004.1,84.58333333333333,21.545833333333334
2025-07-08,27.5,3.7,23.0,1004.7,82.5,23.1875
2025-07-09,26.7,15.4,18.9,1005.1,87.04166666666667,26.391666666666666
2025-07-10,27.0,6.5,14.4,1005.3,85.41666666666667,24.425
2025-07-11,26.7,6.1,12.9,1005.5,86.45833333333333,25.170833333333334
2025-07-12,27.1,4.9,17.0,1006.0,84.70833333333333,20.316666666666666
2025-07-13,26.7,14.7,15.7,1005.7,85.66666666666667,17.599999999999998
2025-07-14,26.1,51.0,21.7,1004.2,89.75,15.308333333333332
2025-07-15,26.5,15.8,14.8,1003.8,87.20833333333333,20.870833333333334
2025-07-16,27.3,7.9,16.0,1004.1,85.54166666666667,23.1875
2025-07-17,27.4,4.1,11.2,1004.8,85.25,27.837500000000002
2025-07-18,27.6,2.7,12.1,1005.1,82.95833333333333,24.483333333333334
2025-07-19,27.0,6.3,13.3,1003.1,84.875,21.816666666666666
2025-07-20,26.3,12.3,14.3,1002.3,88.08333333333333,18.925
2025-07-21,26.4,17.7,12.9,1003.5,88.625,19.349999999999998
2025-07-22,26.5,18.4,14.7,1004.3,88.125,20.849999999999998
2025-07-23,26.3,18.6,17.3,1003.1,86.625,17.625
2025-07-24,26.1,14.9,19.8,1001.7,87.0,16.4375
2025-07-25,26.3,40.3,20.5,1001.3,88.79166666666667,16.879166666666666
2025-07-26,26.4,17.4,22.4,1002.3,86.16666666666667,17.316666666666666
2025-07-27,26.8,10.5,28.2,1003.5,83.08333333333333,17.395833333333332
2025-07-28,26.7,8.8,25.0,1004.9,82.41666666666667,16.037499999999998
2025-07-29,26.5,8.6,26.4,1005.3,83.95833333333333,15.120833333333332
2025-07-30,26.5,7.8,24.6,1004.9,86.83333333333333,17.462500000000002
2025-07-31,26.8,3.9,21.3,1005.5,84.54166666666667,19.616666666666667
2025-08-01,27.0,4.1,18.5,1006.2,82.66666666666667,20.9875
2025-08-02,26.5,8.7,15.3,1006.4,85.58333333333333,22.291666666666668
2025-08-03,26.5,4.0,12.3,1007.3,86.0,22.2375
2025-08-04,26.9,3.5,13.0,1008.3,84.58333333333333,21.087500000000002
2025-08-05,27.0,4.3,13.9,1007.9,84.25,20.708333333333332
2025-08-06,27.2,1.2,14.3,1007.5,84.16666666666667,21.066666666666666
2025-08-07,26.9,3.2,11.6,1007.2,86.91666666666667,25.45
2025-08-08,26.8,2.9,8.3,1007.9,85.95833333333333,25.554166666666664
2025-08-09,26.7,1.6,9.6,1009.4,85.91666666666667,24.40833333333333
2025-08-10,26.5,3.2,12.7,1008.7,85.66666666666667,22.625
2025-08-11,26.6,4.3,15.0,1008.4,84.04166666666667,19.333333333333332
2025-08-12,26.6,5.0,15.9,1007.1,82.58333333333333,18.279166666666665
2025-08-13,26.1,15.4,11.9,1005.1,87.16666666666667,17.033333333333335
2025-08-14,25.9,38.9,13.1,1004.4,89.41666666666667,17.158333333333335
2025-08-15,26.1,35.8,14.4,1003.8,88.91666666666667,17.037499999999998
2025-08-16,25.4,34.2,14.2,1002.6,91.625,14.266666666666666
2025-08-17,26.2,16.3,20.1,1001.4,87.58333333333333,11.941666666666668
2025-08-18,25.4,127.0,23.6,1003.6,92.41666666666667,11.929166666666667
2025-08-19,25.5,136.5,30.3,1002.5,91.375,10.450000000000001
2025-08-20,25.6,61.5,27.4,1003.7,89.41666666666667,17.083333333333332
2025-08-21,26.6,26.0,25.3,1007.0,84.58333333333333,17.304166666666667
2025-08-22,26.9,4.5,22.1,1007.9,81.33333333333333,15.045833333333334
2025-08-23,26.6,10.4,25.0,1007.1,80.70833333333333,14.287500000000001
2025-08-24,26.7,6.7,24.1,1007.7,81.625,14.237499999999999
2025-08-25,25.5,23.2,22.3,1007.1,86.5,14.629166666666668
2025-08-26,26.4,14.9,17.5,1006.7,85.29166666666667,20.075
2025-08-27,26.5,7.6,12.6,1005.5,85.29166666666667,24.587500000000002
2025-08-28,26.5,16.3,11.4,1004.6,88.29166666666667,25.483333333333334
2025-08-29,26.4,7.5,12.2,1004.6,87.95833333333333,28.108333333333334
2025-08-30,26.5,2.8,12.0,1006.5,85.91666666666667,18.291666666666668
2025-08-31,26.4,10.0,18.2,1006.9,86.29166666666667,21.337500000000002
2025-09-01,26.4,6.7,21.1,1005.3,84.70833333333333,16.650000000000002
2025-09-02,26.6,5.7,15.4,1005.1,85.5,18.620833333333334
2025-09-03,26.8,4.8,16.2,1005.4,82.70833333333333,19.970833333333335
2025-09-04,25.6,17.2,12.4,1005.7,88.25,21.216666666666665
2025-09-05,25.9,18.2,17.6,1006.2,89.04166666666667,21.279166666666665
2025-09-06,25.7,24.9,19.8,1007.3,87.04166666666667,18.675
2025-09-07,26.2,9.2,17.8,1007.5,84.33333333333333,19.179166666666667
2025-09-08,26.1,5.5,17.1,1007.4,85.91666666666667,19.1125
2025-09-09,26.4,0.7,10.4,1009.0,86.58333333333333,23.733333333333334
2025-09-10,26.7,0.3,11.9,1009.7,84.33333333333333,34.55833333333333
2025-09-11,26.6,1.5,11.5,1009.5,82.20833333333333,24.40833333333333
2025-09-12,26.9,1.2,12.9,1009.4,81.70833333333333,18.845833333333335
2025-09-13,26.5,12.7,14.6,1009.0,87.875,19.729166666666668
2025-09-14,26.5,12.2,15.6,1008.7,87.0,21.516666666666666
2025-09-15,25.9,65.5,16.2,1008.1,90.375,17.683333333333334
2025-09-16,26.1,5.2,11.8,1007.8,89.75,17.275000000000002
2025-09-17,26.3,25.7,9.9,1007.7,89.83333333333333,19.366666666666667
2025-09-18,26.1,10.4,9.8,1007.6,90.41666666666667,17.033333333333335
2025-09-19,26.1,8.2,11.7,1008.6,89.54166666666667,20.295833333333334
2025-09-20,26.4,12.3,11.3,1008.7,88.0,17.658333333333335
2025-09-21,26.2,15.7,13.5,1008.3,89.66666666666667,17.691666666666666
2025-09-22,25.8,17.0,12.7,1009.1,89.70833333333333,15.041666666666666
2025-09-23,26.3,10.7,16.4,1009.5,86.33333333333333,19.974999999999998
2025-09-24,26.8,2.5,11.7,1008.1,81.54166666666667,17.191666666666666
2025-09-25,26.2,3.1,10.2,1007.4,84.625,17.779166666666665
2025-09-26,26.6,3.0,12.7,1007.3,86.16666666666667,24.858333333333334
2025-09-27,26.2,14.1,14.9,1007.4,86.41666666666667,20.283333333333335
2025-09-28,25.8,125.7,31.7,1003.8,89.875,11.995833333333332
2025-09-29,26.5,15.8,26.5,1004.2,79.20833333333333,13.216666666666667
2025-09-30,25.5,11.2,20.8,1005.4,85.04166666666667,14.083333333333334
2025-10-01,25.7,12.0,21.6,1005.0,86.875,13.5
2025-10-02,25.9,4.1,22.3,1007.0,87.625,13.270833333333334
2025-10-03,26.5,2.4,15.9,1009.7,86.29166666666667,12.729166666666666
2025-10-04,26.7,3.1,12.4,1011.0,85.5,15.879166666666668
2025-10-05,26.3,0.7,10.7,1011.1,85.20833333333333,24.6375
2025-10-06,26.1,1.1,12.5,1011.7,84.04166666666667,20.708333333333332
2025-10-07,26.1,2.1,13.2,1011.8,86.29166666666667,16.616666666666667
2025-10-08,26.8,0.3,13.2,1011.5,85.41666666666667,23.09166666666667
2025-10-09,27.7,0.0,10.9,1011.6,77.29166666666667,50.9375
2025-10-10,28.0,0.1,10.7,1010.2,65.875,50.1875
2025-10-11,28.5,0.1,12.9,1009.9,62.708333333333336,48.041666666666664
2025-10-12,29.0,0.1,12.2,1009.5,59.083333333333336,47.349999999999994
2025-10-13,29.2,0.0,14.1,1009.9,55.958333333333336,41.82083333333333
2025-10-14,29.2,0.0,14.1,1008.1,55.5,41.4625
2025-10-15,29.2,1.5,7.5,1007.5,57.333333333333336,46.89166666666667
2025-10-16,29.5,6.2,16.6,1008.0,69.5,51.354166666666664
2025-10-17,30.6,0.1,12.4,1009.0,62.458333333333336,43.4125
2025-10-18,30.5,1.1,12.2,1008.9,59.083333333333336,56.487500000000004
2025-10-19,30.3,0.5,11.7,1007.6,61.375,78.63333333333334
2025-10-20,30.2,0.2,14.3,1006.9,60.291666666666664,79.2375
2025-10-21,29.6,5.9,11.6,1008.1,61.875,62.775
2025-10-22,29.2,4.8,11.2,1008.5,73.625,47.425000000000004
2025-10-23,29.9,6.1,13.8,1007.2,70.95833333333333,36.55
2025-10-24,29.5,8.7,13.7,1007.0,72.41666666666667,31.004166666666666
2025-10-25,27.1,13.8,14.4,1006.8,83.79166666666667,29.27916666666667
2025-10-26,25.2,34.3,17.8,1006.7,92.25,16.425
2025-10-27,26.0,13.3,20.5,1006.5,87.5,13.408333333333333
2025-10-28,27.5,0.4,16.8,1005.8,77.25,22.925
2025-10-29,27.4,0.1,18.5,1005.2,79.29166666666667,28.983333333333334
2025-10-30,26.4,11.5,20.2,1007.0,83.29166666666667,20.504166666666666
2025-10-31,26.6,8.6,24.2,1008.4,83.25,14.091666666666667
2025-11-01,26.5,3.1,19.2,1010.3,88.0,14.566666666666668
2025-11-02,26.2,4.2,16.2,1012.4,88.66666666666667,15.404166666666667
2025-11-03,26.1,2.5,12.2,1012.5,88.16666666666667,19.8125
2025-11-04,25.8,1.6,13.0,1011.9,87.41666666666667,28.65833333333333
2025-11-05,25.7,0.1,9.0,1011.1,81.66666666666667,32.854166666666664
2025-11-06,25.7,0.6,12.3,1011.7,82.0,42.44583333333333
2025-11-07,26.7,0.0,12.3,1012.4,74.16666666666667,49.45416666666667
2025-11-08,27.2,0.0,11.3,1013.4,58.0,27.21666666666667
2025-11-09,26.0,0.0,12.0,1012.9,57.041666666666664,27.754166666666666
2025-11-10,26.1,0.0,11.1,1012.3,57.708333333333336,43.09583333333333
2025-11-11,26.4,0.0,12.7,1013.1,58.916666666666664,51.13333333333333
2025-11-12,26.9,0.0,13.4,1013.5,46.291666666666664,48.87916666666666
2025-11-13,27.2,0.0,13.6,1013.9,46.125,52.112500000000004
2025-11-14,26.8,0.0,10.8,1013.2,49.0,56.90833333333333
2025-11-15,26.4,0.0,11.8,1013.8,47.458333333333336,59.0625
2025-11-16,26.3,0.0,12.9,1015.1,43.208333333333336,56.21666666666667
2025-11-17,25.8,0.0,15.9,1014.7,44.291666666666664,57.05833333333334
2025-11-18,25.2,0.0,14.4,1013.0,45.291666666666664,62.104166666666664
2025-11-19,25.5,0.0,12.3,1012.9,44.875,64.6875
2025-11-20,25.9,0.0,12.0,1013.2,49.333333333333336,59.49166666666667
2025-11-21,26.2,0.0,11.2,1014.0,50.458333333333336,71.01666666666667
2025-11-22,27.2,0.0,9.5,1013.2,55.125,75.125
2025-11-23,27.5,0.0,11.6,1013.2,61.333333333333336,86.62083333333334
2025-11-24,27.5,0.0,12.2,1013.2,64.41666666666667,87.2375
2025-11-25,27.5,0.0,9.2,1012.9,66.25,79.69166666666666
2025-11-26,27.6,0.0,11.0,1013.1,67.125,93.12916666666666
2025-11-27,27.6,0.0,13.3,1013.6,62.333333333333336,86.37916666666666
2025-11-28,27.2,0.0,12.1,1013.1,58.791666666666664,82.27083333333333
2025-11-29,27.2,0.0,11.6,1011.9,48.541666666666664,56.362500000000004
2025-11-30,25.4,0.0,13.3,1011.8,49.25,46.32916666666667
2025-12-01,25.3,0.0,13.4,1011.6,49.0,54.42916666666667
2025-12-02,25.4,0.0,12.9,1011.7,54.375,57.824999999999996
2025-12-03,26.1,0.0,12.3,1012.6,48.708333333333336,67.575
2025-12-04,27.2,0.0,13.8,1013.5,47.208333333333336,66.05416666666666
2025-12-05,28.0,0.0,13.1,1014.4,47.833333333333336,63.34583333333333
2025-12-06,27.3,0.0,13.0,1015.0,49.041666666666664,66.11666666666666
2025-12-07,26.7,0.0,13.0,1014.8,45.875,63.19166666666666
2025-12-08,26.4,0.0,13.3,1014.6,49.5,52.44583333333333
2025-12-09,26.5,0.0,11.4,1014.2,33.916666666666664,40.275
2025-12-10,26.2,0.0,12.5,1015.0,33.666666666666664,34.329166666666666
2025-12-11,25.6,0.0,12.1,1014.4,36.125,37.362500000000004
2025-12-12,24.8,0.0,12.1,1013.4,41.583333333333336,38.479166666666664
2025-12-13,25.1,0.0,13.3,1013.3,46.166666666666664,47.9
2025-12-14,25.5,0.0,14.2,1013.9,43.041666666666664,52.8125
2025-12-15,25.7,0.0,12.4,1013.8,41.666666666666664,44.8125
2025-12-16,25.5,0.0,14.4,1013.3,41.833333333333336,47.729166666666664
2025-12-17,26.1,0.0,12.2,1014.4,46.833333333333336,63.00416666666666
2025-12-18,25.9,0.0,11.9,1014.6,45.25,62.5
2025-12-19,25.2,0.0,15.6,1013.1,41.541666666666664,54.55833333333334
2025-12-20,24.9,0.0,13.9,1011.6,39.041666666666664,41.020833333333336
2025-12-21,24.9,0.0,12.6,1012.5,39.125,41.237500000000004
2025-12-22,24.5,0.0,14.8,1012.8,40.5,48.637499999999996
2025-12-23,25.2,0.0,15.7,1012.2,45.083333333333336,39.43333333333333
2025-12-24,25.2,0.0,14.8,1012.2,44.375,32.666666666666664
2025-12-25,24.7,0.0,13.7,1012.7,47.75,39.50416666666667
2025-12-26,24.7,0.0,15.1,1012.6,47.666666666666664,51.19166666666666
2025-12-27,25.0,0.0,13.4,1012.8,48.0,57.05416666666667
2025-12-28,24.9,0.0,12.0,1013.4,48.25,70.29166666666667
2025-12-29,24.6,0.0,11.5,1013.4,50.166666666666664,66.4375
2025-12-30,23.5,0.0,11.3,1013.1,62.75,62.145833333333336
2025-12-31,23.2,0.0,13.4,1011.9,72.08333333333333,56.387499999999996
